Date,Open,High,Low,Close,Adj Close,Volume
2013-01-02,34.91999816894531,35.400001525878906,34.099998474121094,35.119998931884766,25.368492126464844,13767900
2013-01-03,35.0,35.0,34.15999984741211,34.83000183105469,25.159013748168945,16739300
2013-01-04,34.619998931884766,34.88999938964844,34.25,34.38999938964844,24.841188430786133,21372100
2013-01-07,34.150001525878906,35.45000076293945,34.150001525878906,34.459999084472656,24.89175033569336,17897100
2013-01-08,34.290000915527344,34.63999938964844,33.36000061035156,33.709999084472656,24.35000228881836,17863300
2013-01-09,33.61000061035156,33.95000076293945,33.61000061035156,33.900001525878906,24.48724365234375,18800400
2013-01-10,33.65999984741211,34.0,33.33000183105469,34.0,24.55948257446289,15658100
2013-01-11,33.59000015258789,33.900001525878906,33.349998474121094,33.849998474121094,24.742210388183594,11191500
2013-01-14,34.0099983215332,34.25,33.79999923706055,34.09000015258789,24.917640686035156,11584900
2013-01-15,33.709999084472656,34.720001220703125,33.709999084472656,34.599998474121094,25.290416717529297,13040200
2013-01-16,34.470001220703125,35.540000915527344,34.45000076293945,35.540000915527344,25.977495193481445,16512700
2013-01-17,35.75,36.70000076293945,35.75,36.41999816894531,26.62071418762207,14424800
2013-01-18,36.43000030517578,37.31999969482422,36.040000915527344,37.31999969482422,27.278562545776367,17842200
2013-01-22,36.97999954223633,37.25,35.93000030517578,36.41999816894531,26.62071418762207,15809700
2013-01-23,36.90999984741211,37.84000015258789,36.5,37.79999923706055,27.629405975341797,10981600
2013-01-24,37.790000915527344,38.52000045776367,37.22999954223633,37.459999084472656,27.380897521972656,11327100
2013-01-25,37.52000045776367,37.84000015258789,36.63999938964844,37.599998474121094,27.483219146728516,8934600
2013-01-28,37.650001525878906,37.869998931884766,36.709999084472656,36.88999938964844,26.964263916015625,7140100
2013-01-29,36.709999084472656,37.459999084472656,36.25,37.310001373291016,27.27126121520996,8838500
2013-01-30,36.810001373291016,37.529998779296875,36.810001373291016,36.93000030517578,26.99349594116211,10841800
2013-01-31,36.84000015258789,36.93000030517578,36.27000045776367,36.689998626708984,26.818069458007812,10720700
2013-02-01,36.84000015258789,37.20000076293945,36.52000045776367,37.18000030517578,27.176233291625977,9527500
2013-02-04,36.63999938964844,37.29999923706055,36.54999923706055,37.279998779296875,27.24932289123535,6348000
2013-02-05,37.41999816894531,37.72999954223633,37.18000030517578,37.20000076293945,27.190847396850586,7284400
2013-02-06,36.959999084472656,37.279998779296875,36.86000061035156,37.13999938964844,27.14699363708496,5738900
2013-02-07,37.56999969482422,37.56999969482422,35.79999923706055,36.41999816894531,26.62071418762207,9872500
2013-02-08,36.369998931884766,36.41999816894531,35.83000183105469,36.25,26.496456146240234,13858700
2013-02-11,36.130001068115234,36.18000030517578,35.75,35.849998474121094,26.204086303710938,6032100
2013-02-12,35.77000045776367,35.900001525878906,35.20000076293945,35.41999816894531,25.88977813720703,7473800
2013-02-13,35.41999816894531,35.56999969482422,35.150001525878906,35.27000045776367,25.780139923095703,4859800
2013-02-14,35.04999923706055,36.72999954223633,35.0099983215332,36.56999969482422,26.73036003112793,7570100
2013-02-15,36.93000030517578,37.810001373291016,36.93000030517578,37.58000183105469,27.468603134155273,13296300
2013-02-19,37.540000915527344,38.33000183105469,37.11000061035156,38.189998626708984,27.914474487304688,8292700
2013-02-20,38.15999984741211,39.130001068115234,37.61000061035156,38.61000061035156,28.22146987915039,8096400
2013-02-21,38.4900016784668,39.029998779296875,38.189998626708984,38.779998779296875,28.34573745727539,7260900
2013-02-22,38.790000915527344,38.849998474121094,38.13999938964844,38.459999084472656,28.111827850341797,4490400
2013-02-25,38.540000915527344,38.61000061035156,37.369998931884766,37.369998931884766,27.315109252929688,4665600
2013-02-26,37.599998474121094,37.599998474121094,36.959999084472656,37.09000015258789,27.110443115234375,4463000
2013-02-27,36.970001220703125,36.97999954223633,36.400001525878906,36.72999954223633,26.847307205200195,12238400
2013-02-28,36.65999984741211,37.13999938964844,36.5,36.91999816894531,26.986188888549805,10321000
2013-03-01,36.79999923706055,38.06999969482422,36.54999923706055,37.810001373291016,27.63671875,8929400
2013-03-04,37.529998779296875,38.25,37.529998779296875,38.2400016784668,27.95102882385254,5420800
2013-03-05,38.45000076293945,38.56999969482422,37.290000915527344,37.5099983215332,27.41744041442871,6650400
2013-03-06,37.560001373291016,37.86000061035156,37.369998931884766,37.7400016784668,27.585554122924805,5489500
2013-03-07,37.650001525878906,38.0099983215332,37.439998626708984,37.4900016784668,27.40281867980957,4442500
2013-03-08,37.63999938964844,37.650001525878906,37.15999984741211,37.34000015258789,27.293182373046875,4114500
2013-03-11,37.25,38.150001525878906,37.08000183105469,37.66999816894531,27.53438949584961,4614400
2013-03-12,37.70000076293945,38.29999923706055,37.04999923706055,37.16999816894531,27.168922424316406,6523900
2013-03-13,37.20000076293945,37.59000015258789,37.040000915527344,37.16999816894531,27.168922424316406,3710600
2013-03-14,37.43000030517578,37.59000015258789,36.86000061035156,37.560001373291016,27.453983306884766,9859700
2013-03-15,37.439998626708984,38.540000915527344,37.279998779296875,38.5,28.14105987548828,12208300
2013-03-18,38.04999923706055,38.4900016784668,37.9900016784668,38.15999984741211,27.89254379272461,5178700
2013-03-19,38.25,38.400001525878906,37.84000015258789,38.36000061035156,28.038738250732422,5108400
2013-03-20,38.5,39.189998626708984,38.40999984741211,39.060001373291016,28.550392150878906,7072900
2013-03-21,38.81999969482422,38.970001220703125,38.47999954223633,38.4900016784668,28.133760452270508,4736100
2013-03-22,38.56999969482422,38.970001220703125,38.29999923706055,38.970001220703125,28.484601974487305,3323400
2013-03-25,39.119998931884766,39.52000045776367,38.93000030517578,39.31999969482422,28.740432739257812,6065000
2013-03-26,39.56999969482422,40.52000045776367,39.56999969482422,40.209999084472656,29.390968322753906,7249500
2013-03-27,40.220001220703125,40.290000915527344,39.65999984741211,40.150001525878906,29.34711456298828,4274800
2013-03-28,40.2599983215332,40.79999923706055,39.779998779296875,40.779998779296875,29.80760383605957,7263400
2013-04-01,39.959999084472656,41.13999938964844,39.959999084472656,41.119998931884766,30.056121826171875,5740000
2013-04-02,41.220001220703125,41.220001220703125,40.52000045776367,40.709999084472656,29.756439208984375,5510700
2013-04-03,40.75,41.45000076293945,40.349998474121094,40.56999969482422,29.654111862182617,4122100
2013-04-04,40.77000045776367,41.779998779296875,40.619998931884766,41.599998474121094,30.406970977783203,20687600
2013-04-05,41.310001373291016,41.5,41.09000015258789,41.310001373291016,30.194997787475586,14089800
2013-04-08,41.27000045776367,41.869998931884766,41.06999969482422,41.77000045776367,30.531238555908203,16449200
2013-04-09,41.959999084472656,43.560001373291016,41.79999923706055,42.54999923706055,31.101364135742188,8673900
2013-04-10,42.650001525878906,43.77000045776367,42.5,43.619998931884766,31.883474349975586,7809200
2013-04-11,43.41999816894531,43.709999084472656,43.11000061035156,43.20000076293945,31.868711471557617,6494100
2013-04-12,42.970001220703125,43.290000915527344,42.619998931884766,43.09000015258789,31.78756332397461,4199800
2013-04-15,42.869998931884766,43.029998779296875,41.40999984741211,41.439998626708984,30.570358276367188,7152500
2013-04-16,41.66999816894531,42.529998779296875,41.130001068115234,42.45000076293945,31.31543731689453,6998000
2013-04-17,42.13999938964844,42.43000030517578,41.41999816894531,42.2400016784668,31.16051483154297,5046200
2013-04-18,42.369998931884766,42.63999938964844,41.88999938964844,42.31999969482422,31.21953582763672,5009000
2013-04-19,42.5099983215332,42.58000183105469,42.20000076293945,42.38999938964844,31.271177291870117,6493200
2013-04-22,43.0,44.83000183105469,42.880001068115234,44.20000076293945,32.606407165527344,8531300
2013-04-23,44.61000061035156,46.31999969482422,44.400001525878906,45.13999938964844,33.29985427856445,9378100
2013-04-24,45.13999938964844,45.34000015258789,43.939998626708984,44.31999969482422,32.69493103027344,5541300
2013-04-25,44.75,44.790000915527344,43.7599983215332,44.2400016784668,32.63591766357422,5236900
2013-04-26,44.95000076293945,46.310001373291016,44.75,45.84000015258789,33.81623840332031,10096800
2013-04-29,45.83000183105469,45.93000030517578,45.04999923706055,45.22999954223633,33.366241455078125,6024700
2013-04-30,45.04999923706055,46.22999954223633,45.0099983215332,46.04999923706055,33.971153259277344,6798600
2013-05-01,45.7400016784668,46.09000015258789,45.54999923706055,45.54999923706055,33.60231018066406,6398100
2013-05-02,45.68000030517578,45.68000030517578,43.86000061035156,43.9900016784668,32.451499938964844,9649400
2013-05-03,44.310001373291016,44.77000045776367,43.83000183105469,44.68000030517578,32.960506439208984,4641200
2013-05-06,44.95000076293945,44.95000076293945,44.150001525878906,44.59000015258789,32.89411544799805,4085700
2013-05-07,44.5,45.0,44.41999816894531,44.90999984741211,33.13017272949219,3745600
2013-05-08,45.0099983215332,45.04999923706055,43.38999938964844,43.4900016784668,32.082645416259766,6973200
2013-05-09,43.34000015258789,44.45000076293945,43.25,44.2400016784668,32.63591766357422,5046900
2013-05-10,44.209999084472656,45.0099983215332,44.20000076293945,45.0099983215332,33.203941345214844,4455800
2013-05-13,44.790000915527344,44.790000915527344,44.16999816894531,44.540000915527344,32.85722732543945,3738400
2013-05-14,44.09000015258789,45.52000045776367,44.09000015258789,45.349998474121094,33.45475769042969,5760300
2013-05-15,45.720001220703125,46.93000030517578,45.47999954223633,46.029998779296875,33.9564094543457,6702500
2013-05-16,46.060001373291016,46.900001525878906,46.0099983215332,46.209999084472656,34.08919906616211,4605300
2013-05-17,46.029998779296875,47.34000015258789,45.849998474121094,47.16999816894531,34.79738235473633,5244800
2013-05-20,47.119998931884766,47.13999938964844,46.06999969482422,46.2599983215332,34.126075744628906,3537800
2013-05-21,46.189998626708984,46.959999084472656,46.16999816894531,46.540000915527344,34.332637786865234,4708800
2013-05-22,46.459999084472656,48.0,45.849998474121094,46.7599983215332,34.49492263793945,5203500
2013-05-23,46.119998931884766,46.95000076293945,46.02000045776367,46.59000015258789,34.3695182800293,3306200
2013-05-24,46.25,46.47999954223633,45.310001373291016,45.439998626708984,33.52116012573242,4511700
2013-05-28,45.88999938964844,46.040000915527344,44.70000076293945,45.38999938964844,33.48427963256836,6181800
2013-05-29,44.88999938964844,45.18000030517578,43.790000915527344,43.880001068115234,32.37034225463867,6908400
2013-05-30,44.06999969482422,45.119998931884766,44.06999969482422,44.54999923706055,32.864601135253906,4852200
2013-05-31,44.27000045776367,44.689998626708984,42.68000030517578,42.689998626708984,31.492490768432617,9308800
2013-06-03,42.880001068115234,43.58000183105469,42.75,43.36000061035156,31.986745834350586,7176800
2013-06-04,43.41999816894531,44.470001220703125,43.380001068115234,43.630001068115234,32.18592071533203,4528400
2013-06-05,43.4900016784668,43.900001525878906,42.689998626708984,43.040000915527344,31.750682830810547,4801300
2013-06-06,43.220001220703125,43.56999969482422,42.650001525878906,43.5,32.090023040771484,4261300
2013-06-07,43.720001220703125,44.27000045776367,43.5,44.0,32.4588623046875,5463200
2013-06-10,44.33000183105469,44.33000183105469,43.220001220703125,43.91999816894531,32.39985275268555,4702700
2013-06-11,43.310001373291016,44.04999923706055,43.04999923706055,43.59000015258789,32.15641784667969,3574800
2013-06-12,43.90999984741211,44.0,42.720001220703125,42.77000045776367,31.5515079498291,3742600
2013-06-13,42.41999816894531,43.20000076293945,40.099998474121094,43.150001525878906,31.83182716369629,6096500
2013-06-14,42.97999954223633,43.5,42.5,43.209999084472656,31.876083374023438,4078500
2013-06-17,43.400001525878906,43.5,42.68000030517578,43.0099983215332,31.728546142578125,3457700
2013-06-18,42.970001220703125,43.560001373291016,42.630001068115234,43.540000915527344,32.119537353515625,3644900
2013-06-19,43.560001373291016,43.83000183105469,43.0099983215332,43.040000915527344,31.750682830810547,3663300
2013-06-20,42.650001525878906,42.779998779296875,40.90999984741211,41.060001373291016,30.290027618408203,7474900
2013-06-21,41.65999984741211,42.709999084472656,41.20000076293945,42.619998931884766,31.440847396850586,9825700
2013-06-24,42.06999969482422,42.400001525878906,41.31999969482422,41.88999938964844,30.902328491210938,6042400
2013-06-25,42.150001525878906,42.77000045776367,41.61000061035156,42.630001068115234,31.448226928710938,4686900
2013-06-26,43.099998474121094,43.61000061035156,43.029998779296875,43.380001068115234,32.001495361328125,4733700
2013-06-27,43.560001373291016,43.97999954223633,42.7400016784668,43.130001068115234,31.81707191467285,5163900
2013-06-28,42.529998779296875,42.970001220703125,41.31999969482422,41.34000015258789,30.496593475341797,10753100
2013-07-01,41.400001525878906,41.93000030517578,41.06999969482422,41.61000061035156,30.695768356323242,4588200
2013-07-02,41.58000183105469,42.56999969482422,41.58000183105469,42.209999084472656,31.138381958007812,4365900
2013-07-03,41.880001068115234,42.310001373291016,41.61000061035156,42.22999954223633,31.153133392333984,2417500
2013-07-05,42.45000076293945,42.83000183105469,42.310001373291016,42.720001220703125,31.514625549316406,2743700
2013-07-08,42.900001525878906,43.689998626708984,42.81999969482422,43.68000030517578,32.22281265258789,3978300
2013-07-09,44.0,44.22999954223633,43.25,43.31999969482422,31.957231521606445,3805700
2013-07-10,43.36000061035156,44.119998931884766,43.36000061035156,43.90999984741211,32.392478942871094,3080100
2013-07-11,43.939998626708984,44.11000061035156,43.33000183105469,43.779998779296875,32.59349060058594,4061400
2013-07-12,43.93000030517578,45.11000061035156,43.79999923706055,45.04999923706055,33.53900146484375,5693900
2013-07-15,44.95000076293945,44.970001220703125,44.540000915527344,44.619998931884766,33.21885681152344,3265800
2013-07-16,44.540000915527344,44.77000045776367,43.70000076293945,43.810001373291016,32.61581802368164,3714500
2013-07-17,43.970001220703125,44.150001525878906,43.7400016784668,43.959999084472656,32.72749710083008,3645400
2013-07-18,43.959999084472656,44.560001373291016,43.810001373291016,44.31999969482422,32.995521545410156,3043700
2013-07-19,44.4900016784668,44.90999984741211,44.119998931884766,44.52000045776367,33.144412994384766,4317900
2013-07-22,44.29999923706055,45.099998474121094,43.79999923706055,44.970001220703125,33.479427337646484,3810500
2013-07-23,44.91999816894531,45.09000015258789,44.22999954223633,44.310001373291016,32.988067626953125,3535100
2013-07-24,44.279998779296875,44.369998931884766,43.38999938964844,43.63999938964844,32.489261627197266,3088100
2013-07-25,43.40999984741211,44.43000030517578,43.349998474121094,44.2400016784668,32.93596267700195,4088500
2013-07-26,45.0099983215332,45.119998931884766,44.16999816894531,44.790000915527344,33.34541702270508,4491100
2013-07-29,44.720001220703125,45.45000076293945,44.470001220703125,45.060001373291016,33.54642868041992,4326200
2013-07-30,45.08000183105469,45.22999954223633,44.20000076293945,44.70000076293945,33.27841567993164,3619700
2013-07-31,44.84000015258789,45.90999984741211,44.810001373291016,45.47999954223633,33.859107971191406,6020600
2013-08-01,45.13999938964844,45.900001525878906,45.040000915527344,45.25,33.6878776550293,3652400
2013-08-02,45.11000061035156,45.41999816894531,44.810001373291016,45.31999969482422,33.739990234375,3190700
2013-08-05,45.04999923706055,45.369998931884766,44.47999954223633,44.709999084472656,33.285850524902344,2953500
2013-08-06,44.41999816894531,44.9900016784668,44.41999816894531,44.880001068115234,33.41242599487305,4980600
2013-08-07,44.70000076293945,44.86000061035156,44.220001220703125,44.56999969482422,33.181636810302734,3299400
2013-08-08,44.86000061035156,45.18000030517578,44.61000061035156,45.060001373291016,33.54642868041992,2892400
2013-08-09,44.900001525878906,45.0,44.470001220703125,44.709999084472656,33.285850524902344,3290800
2013-08-12,44.709999084472656,45.20000076293945,44.38999938964844,45.040000915527344,33.53153991699219,3826400
2013-08-13,45.119998931884766,45.18000030517578,44.68000030517578,44.93000030517578,33.44963836669922,2791800
2013-08-14,44.849998474121094,45.22999954223633,44.45000076293945,44.58000183105469,33.18907165527344,2990500
2013-08-15,44.599998474121094,44.619998931884766,43.130001068115234,43.209999084472656,32.16912078857422,4363100
2013-08-16,42.939998626708984,43.13999938964844,42.41999816894531,43.0,32.012786865234375,6093300
2013-08-19,43.0099983215332,43.810001373291016,42.95000076293945,43.369998931884766,32.28824996948242,3326900
2013-08-20,43.290000915527344,43.47999954223633,42.849998474121094,42.970001220703125,31.99046516418457,2803000
2013-08-21,42.81999969482422,42.880001068115234,42.25,42.310001373291016,31.49909019470215,4118800
2013-08-22,42.400001525878906,43.099998474121094,42.290000915527344,42.91999816894531,31.953231811523438,4077700
2013-08-23,43.0099983215332,43.5,42.849998474121094,43.43000030517578,32.33292007446289,2738100
2013-08-26,43.43000030517578,43.7400016784668,43.189998626708984,43.45000076293945,32.34780502319336,3493400
2013-08-27,43.02000045776367,43.09000015258789,42.599998474121094,42.630001068115234,31.73733901977539,4473000
2013-08-28,42.529998779296875,42.810001373291016,42.349998474121094,42.560001373291016,31.685211181640625,3009700
2013-08-29,42.31999969482422,43.09000015258789,42.2599983215332,42.619998931884766,31.729896545410156,2788900
2013-08-30,42.7599983215332,43.029998779296875,42.29999923706055,42.61000061035156,31.72244644165039,3170700
2013-09-03,43.0,43.279998779296875,42.310001373291016,42.59000015258789,31.707551956176758,2925600
2013-09-04,42.599998474121094,43.13999938964844,42.59000015258789,43.130001068115234,32.10957336425781,3190700
2013-09-05,43.029998779296875,43.65999984741211,43.0,43.5099983215332,32.392478942871094,3355500
2013-09-06,43.529998779296875,44.349998474121094,42.88999938964844,43.88999938964844,32.675392150878906,3992200
2013-09-09,43.880001068115234,44.439998626708984,43.5,44.43000030517578,33.0774040222168,3287500
2013-09-10,44.58000183105469,44.810001373291016,44.099998474121094,44.779998779296875,33.33797073364258,4282300
2013-09-11,44.810001373291016,44.970001220703125,44.38999938964844,44.95000076293945,33.46455001831055,3441700
2013-09-12,44.84000015258789,44.95000076293945,44.5,44.70000076293945,33.27841567993164,2597900
2013-09-13,44.709999084472656,44.88999938964844,44.43000030517578,44.88999938964844,33.419864654541016,2273500
2013-09-16,45.31999969482422,45.95000076293945,45.189998626708984,45.81999969482422,34.11223602294922,3531700
2013-09-17,45.91999816894531,47.70000076293945,45.86000061035156,47.599998474121094,35.437416076660156,7293800
2013-09-18,47.189998626708984,48.41999816894531,46.880001068115234,47.91999816894531,35.67564392089844,6689400
2013-09-19,48.209999084472656,48.22999954223633,47.310001373291016,47.400001525878906,35.28852844238281,5326500
2013-09-20,47.439998626708984,48.0,47.33000183105469,47.84000015258789,35.6161003112793,10495300
2013-09-23,47.560001373291016,47.560001373291016,46.93000030517578,47.099998474121094,35.06517028808594,3179500
2013-09-24,46.95000076293945,46.95000076293945,45.939998626708984,45.97999954223633,34.231361389160156,7162700
2013-09-25,46.09000015258789,46.15999984741211,45.02000045776367,45.33000183105469,33.74744415283203,4571900
2013-09-26,45.33000183105469,45.619998931884766,44.810001373291016,45.0,33.50175857543945,5033900
2013-09-27,44.869998931884766,44.900001525878906,44.02000045776367,44.33000183105469,33.00294876098633,6617300
2013-09-30,44.52000045776367,44.95000076293945,44.029998779296875,44.72999954223633,33.300750732421875,5818400
2013-10-01,44.810001373291016,45.900001525878906,44.810001373291016,45.79999923706055,34.097347259521484,4159700
2013-10-02,45.34000015258789,45.970001220703125,45.119998931884766,45.95000076293945,34.209014892578125,4056800
2013-10-03,45.599998474121094,46.34000015258789,45.099998474121094,46.0099983215332,34.253692626953125,7020800
2013-10-04,46.18000030517578,46.880001068115234,46.0,46.79999923706055,34.84182357788086,4141400
2013-10-07,46.119998931884766,46.97999954223633,46.09000015258789,46.09000015258789,34.31325149536133,4703700
2013-10-08,46.290000915527344,46.31999969482422,44.38999938964844,44.52000045776367,33.144412994384766,7091500
2013-10-09,44.720001220703125,45.310001373291016,44.31999969482422,44.810001373291016,33.36030960083008,5113000
2013-10-10,45.099998474121094,45.68000030517578,44.5099983215332,45.68000030517578,34.31432342529297,3967500
2013-10-11,45.70000076293945,45.70000076293945,44.959999084472656,45.650001525878906,34.291786193847656,2985700
2013-10-14,45.209999084472656,46.45000076293945,45.06999969482422,46.33000183105469,34.80259323120117,3377300
2013-10-15,46.04999923706055,46.380001068115234,45.75,46.08000183105469,34.61479568481445,3533300
2013-10-16,46.310001373291016,47.27000045776367,46.20000076293945,47.060001373291016,35.350955963134766,4399900
2013-10-17,46.95000076293945,48.31999969482422,46.95000076293945,48.16999816894531,36.18478012084961,7242400
2013-10-18,48.380001068115234,48.95000076293945,47.77000045776367,48.33000183105469,36.30496597290039,9212900
2013-10-21,48.08000183105469,48.54999923706055,47.7599983215332,48.349998474121094,36.31998062133789,4713200
2013-10-22,48.38999938964844,49.310001373291016,48.11000061035156,49.0,36.80826950073242,6937500
2013-10-23,48.7599983215332,48.86000061035156,48.279998779296875,48.33000183105469,36.30496597290039,4130300
2013-10-24,48.630001068115234,48.97999954223633,47.7400016784668,47.93000030517578,36.004493713378906,5077900
2013-10-25,49.099998474121094,49.83000183105469,48.560001373291016,49.29999923706055,37.03361892700195,6956800
2013-10-28,49.130001068115234,49.970001220703125,48.970001220703125,49.41999816894531,37.12376022338867,5555000
2013-10-29,49.47999954223633,50.20000076293945,49.47999954223633,49.790000915527344,37.40170669555664,5022900
2013-10-30,49.56999969482422,49.56999969482422,48.720001220703125,48.79999923706055,36.65802001953125,4011600
2013-10-31,48.68000030517578,49.0,48.439998626708984,48.45000076293945,36.39510726928711,4563700
2013-11-01,48.63999938964844,49.33000183105469,48.5,48.959999084472656,36.77821731567383,3866900
2013-11-04,49.189998626708984,49.189998626708984,48.0,48.7599983215332,36.62797927856445,4095600
2013-11-05,48.59000015258789,48.7599983215332,48.029998779296875,48.16999816894531,36.18478012084961,4095400
2013-11-06,48.5,48.7400016784668,48.0,48.04999923706055,36.09463119506836,4308100
2013-11-07,48.16999816894531,48.36000061035156,47.18000030517578,47.2400016784668,35.486175537109375,4444900
2013-11-08,47.130001068115234,48.099998474121094,46.83000183105469,48.029998779296875,36.07960891723633,5190900
2013-11-11,48.22999954223633,48.66999816894531,48.189998626708984,48.56999969482422,36.48524475097656,2282900
2013-11-12,48.45000076293945,48.47999954223633,47.279998779296875,47.47999954223633,35.66645812988281,5351100
2013-11-13,47.36000061035156,47.93000030517578,47.290000915527344,47.849998474121094,35.944393157958984,3745100
2013-11-14,47.9900016784668,48.470001220703125,47.689998626708984,48.040000915527344,36.08712387084961,3411800
2013-11-15,48.029998779296875,48.75,48.0,48.439998626708984,36.38758850097656,6257100
2013-11-18,48.88999938964844,49.959999084472656,48.72999954223633,48.869998931884766,36.71061706542969,8585700
2013-11-19,48.72999954223633,49.0,48.369998931884766,48.459999084472656,36.402626037597656,4050700
2013-11-20,48.41999816894531,48.540000915527344,47.83000183105469,47.95000076293945,36.01951599121094,3120300
2013-11-21,48.279998779296875,48.66999816894531,47.9900016784668,48.56999969482422,36.48524475097656,4459800
2013-11-22,48.650001525878906,49.13999938964844,48.56999969482422,48.939998626708984,36.76319885253906,5810100
2013-11-25,49.0,49.279998779296875,48.31999969482422,48.40999984741211,36.36505889892578,3343200
2013-11-26,48.380001068115234,49.18000030517578,48.310001373291016,48.599998474121094,36.50779724121094,4732300
2013-11-27,48.83000183105469,48.95000076293945,48.2400016784668,48.25,36.24488067626953,3414900
2013-11-29,48.43000030517578,48.93000030517578,48.06999969482422,48.45000076293945,36.39510726928711,4044300
2013-12-02,48.4900016784668,48.68000030517578,48.02000045776367,48.38999938964844,36.35002899169922,4321900
2013-12-03,49.130001068115234,50.2599983215332,48.970001220703125,49.970001220703125,37.53691864013672,9480100
2013-12-04,49.75,50.290000915527344,49.29999923706055,49.66999816894531,37.31156539916992,5309200
2013-12-05,49.41999816894531,50.06999969482422,49.04999923706055,49.7599983215332,37.37916564941406,5449100
2013-12-06,50.16999816894531,51.5,50.04999923706055,51.349998474121094,38.573543548583984,7285800
2013-12-09,51.45000076293945,51.810001373291016,50.77000045776367,51.209999084472656,38.46839141845703,5470800
2013-12-10,51.25,54.130001068115234,50.720001220703125,52.13999938964844,39.16699981689453,14906900
2013-12-11,52.66999816894531,53.25,52.02000045776367,52.66999816894531,39.565128326416016,10775500
2013-12-12,52.560001373291016,52.619998931884766,51.79999923706055,52.38999938964844,39.35479736328125,7766400
2013-12-13,52.29999923706055,52.599998474121094,51.84000015258789,52.369998931884766,39.33977508544922,6465300
2013-12-16,53.41999816894531,54.779998779296875,52.97999954223633,53.369998931884766,40.0909538269043,9846300
2013-12-17,53.43000030517578,53.91999816894531,53.0,53.630001068115234,40.28627014160156,7987300
2013-12-18,52.779998779296875,54.43000030517578,52.220001220703125,54.31999969482422,40.8045768737793,9635600
2013-12-19,53.209999084472656,53.209999084472656,52.02000045776367,52.630001068115234,39.53508377075195,8383400
2013-12-20,52.77000045776367,53.0099983215332,52.290000915527344,52.59000015258789,39.50503158569336,12471800
2013-12-23,52.72999954223633,52.939998626708984,52.2400016784668,52.58000183105469,39.497520446777344,4957700
2013-12-24,52.779998779296875,52.790000915527344,52.279998779296875,52.36000061035156,39.33225631713867,1747000
2013-12-26,52.59000015258789,53.060001373291016,52.34000015258789,52.9900016784668,39.805503845214844,2401500
2013-12-27,52.91999816894531,53.04999923706055,52.380001068115234,52.54999923706055,39.474979400634766,2354100
2013-12-30,52.72999954223633,53.029998779296875,52.599998474121094,53.0099983215332,39.82052993774414,2898800
2013-12-31,52.9900016784668,53.060001373291016,52.36000061035156,52.810001373291016,39.6702995300293,3019700
2014-01-02,52.119998931884766,52.33000183105469,51.52000045776367,51.97999954223633,39.046810150146484,4569100
2014-01-03,52.25,52.66999816894531,51.970001220703125,52.29999923706055,39.28718948364258,4794300
2014-01-06,52.70000076293945,52.70000076293945,50.029998779296875,50.38999938964844,37.8524169921875,11871100
2014-01-07,50.84000015258789,51.209999084472656,50.29999923706055,50.4900016784668,37.92753982543945,9719900
2014-01-08,50.630001068115234,51.11000061035156,50.2400016784668,50.36000061035156,37.82988357543945,6811100
2014-01-09,50.59000015258789,51.650001525878906,49.869998931884766,51.220001220703125,38.475914001464844,6960300
2014-01-10,51.27000045776367,51.4900016784668,50.7599983215332,50.900001525878906,38.23552703857422,5517700
2014-01-13,50.65999984741211,50.7400016784668,49.63999938964844,49.83000183105469,37.72824478149414,7055200
2014-01-14,49.939998626708984,50.880001068115234,49.630001068115234,50.599998474121094,38.31122970581055,6610800
2014-01-15,50.650001525878906,50.66999816894531,50.06999969482422,50.11000061035156,37.940242767333984,4728400
2014-01-16,50.099998474121094,50.619998931884766,50.02000045776367,50.5,38.235530853271484,4972300
2014-01-17,50.63999938964844,50.65999984741211,50.0099983215332,50.060001373291016,37.90238571166992,8606800
2014-01-21,50.2599983215332,50.91999816894531,49.90999984741211,50.0,37.856964111328125,5823000
2014-01-22,49.97999954223633,50.0,48.619998931884766,49.08000183105469,37.16038513183594,8181700
2014-01-23,48.7400016784668,49.060001373291016,48.38999938964844,48.869998931884766,37.001399993896484,7270500
2014-01-24,48.41999816894531,49.099998474121094,47.77000045776367,47.790000915527344,36.183677673339844,9197900
2014-01-27,47.790000915527344,47.83000183105469,46.41999816894531,46.83000183105469,35.456825256347656,10749800
2014-01-28,47.08000183105469,48.470001220703125,47.08000183105469,47.689998626708984,36.10795593261719,12298600
2014-01-29,47.150001525878906,47.84000015258789,46.97999954223633,47.61000061035156,36.04739761352539,7608500
2014-01-30,47.970001220703125,48.880001068115234,47.900001525878906,48.310001373291016,36.577388763427734,7669500
2014-01-31,49.939998626708984,50.54999923706055,49.06999969482422,49.22999954223633,37.273963928222656,12863500
2014-02-03,49.400001525878906,49.4900016784668,47.060001373291016,47.349998474121094,35.85053253173828,10314600
2014-02-04,47.18000030517578,47.970001220703125,46.95000076293945,47.95000076293945,36.30481719970703,9606100
2014-02-05,47.7599983215332,48.06999969482422,47.15999984741211,47.72999954223633,36.138248443603516,6987100
2014-02-06,47.88999938964844,48.18000030517578,47.45000076293945,47.93000030517578,36.289676666259766,4957800
2014-02-07,48.0,49.029998779296875,47.65999984741211,48.88999938964844,37.016536712646484,6979500
2014-02-10,48.75,50.189998626708984,48.720001220703125,49.54999923706055,37.5162467956543,7907500
2014-02-11,49.40999984741211,49.970001220703125,49.040000915527344,49.65999984741211,37.599525451660156,7217600
2014-02-12,49.630001068115234,50.93000030517578,49.59000015258789,50.560001373291016,38.28095626831055,6534500
2014-02-13,50.29999923706055,50.52000045776367,49.880001068115234,50.349998474121094,38.1219482421875,4946000
2014-02-14,50.560001373291016,50.90999984741211,50.16999816894531,50.72999954223633,38.409671783447266,4118700
2014-02-18,50.63999938964844,51.560001373291016,50.560001373291016,51.459999084472656,38.96237564086914,4984900
2014-02-19,51.16999816894531,51.86000061035156,50.63999938964844,51.189998626708984,38.75795364379883,5242800
2014-02-20,51.189998626708984,52.11000061035156,50.72999954223633,51.86000061035156,39.265235900878906,6078900
2014-02-21,51.81999969482422,51.970001220703125,51.0099983215332,51.040000915527344,38.64438247680664,5842700
2014-02-24,51.0099983215332,51.560001373291016,50.83000183105469,50.849998474121094,38.500518798828125,5693000
2014-02-25,50.93000030517578,51.130001068115234,50.5,50.720001220703125,38.402095794677734,5425000
2014-02-26,49.95000076293945,50.970001220703125,49.93000030517578,50.7400016784668,38.417240142822266,5710700
2014-02-27,50.599998474121094,50.91999816894531,50.470001220703125,50.90999984741211,38.545955657958984,5052900
2014-02-28,50.84000015258789,51.959999084472656,50.5099983215332,50.90999984741211,38.545955657958984,7095600
2014-03-03,50.34000015258789,50.86000061035156,49.790000915527344,50.09000015258789,37.925086975097656,6817700
2014-03-04,50.72999954223633,51.72999954223633,50.529998779296875,51.59000015258789,39.0608024597168,6198000
2014-03-05,51.68000030517578,52.119998931884766,51.29999923706055,51.70000076293945,39.14409637451172,5251100
2014-03-06,52.040000915527344,52.77000045776367,51.970001220703125,52.040000915527344,39.40151596069336,6529000
2014-03-07,52.25,52.5,51.0099983215332,51.459999084472656,38.96237564086914,5860700
2014-03-10,51.900001525878906,51.900001525878906,50.86000061035156,51.65999984741211,39.11380386352539,3086000
2014-03-11,51.68000030517578,52.13999938964844,51.5,51.75,39.18195724487305,3629800
2014-03-12,51.459999084472656,51.7400016784668,51.06999969482422,51.63999938964844,39.098663330078125,3924800
2014-03-13,51.88999938964844,52.099998474121094,51.13999938964844,51.31999969482422,38.85637283325195,4839400
2014-03-14,51.25,51.41999816894531,50.79999923706055,51.209999084472656,38.77309036254883,5466700
2014-03-17,51.470001220703125,52.189998626708984,51.2599983215332,51.97999954223633,39.35608673095703,3875500
2014-03-18,52.08000183105469,53.220001220703125,51.970001220703125,53.099998474121094,40.2041015625,4712300
2014-03-19,53.09000015258789,53.529998779296875,52.439998626708984,53.11000061035156,40.21166229248047,6408600
2014-03-20,52.86000061035156,53.79999923706055,52.52000045776367,53.68000030517578,40.64323043823242,6922700
2014-03-21,54.220001220703125,54.72999954223633,53.09000015258789,53.459999084472656,40.476661682128906,12930500
2014-03-24,53.529998779296875,53.619998931884766,51.349998474121094,51.36000061035156,38.88666534423828,10161400
2014-03-25,51.68000030517578,52.099998474121094,51.5,51.689998626708984,39.13651657104492,6127200
2014-03-26,52.0,52.34000015258789,51.459999084472656,51.5,38.99266815185547,5684900
2014-03-27,51.529998779296875,51.84000015258789,51.43000030517578,51.65999984741211,39.11380386352539,4778000
2014-03-28,51.83000183105469,52.130001068115234,50.88999938964844,50.97999954223633,38.59895324707031,4208300
2014-03-31,51.34000015258789,51.70000076293945,50.95000076293945,51.400001525878906,38.91694641113281,4813100
2014-04-01,51.619998931884766,52.380001068115234,51.540000915527344,52.099998474121094,39.44694519042969,4250800
2014-04-02,52.099998474121094,53.40999984741211,51.9900016784668,53.34000015258789,40.38579559326172,6007200
2014-04-03,53.349998474121094,53.83000183105469,53.209999084472656,53.5,40.50693893432617,6841400
2014-04-04,53.779998779296875,54.439998626708984,52.04999923706055,52.20000076293945,39.52266311645508,7013200
2014-04-07,51.68000030517578,52.310001373291016,49.650001525878906,50.619998931884766,38.326377868652344,9146600
2014-04-08,50.349998474121094,50.869998931884766,48.93000030517578,49.099998474121094,37.17552947998047,8246900
2014-04-09,49.4900016784668,50.7599983215332,49.2599983215332,50.630001068115234,38.33395004272461,6018200
2014-04-10,50.08000183105469,50.27000045776367,47.290000915527344,47.349998474121094,35.85053253173828,13177200
2014-04-11,46.58000183105469,47.209999084472656,45.5,46.459999084472656,35.49150085449219,11465800
2014-04-14,47.099998474121094,47.5,46.209999084472656,46.83000183105469,35.77414321899414,7290800
2014-04-15,47.41999816894531,48.09000015258789,46.7599983215332,47.86000061035156,36.56097412109375,9531100
2014-04-16,48.58000183105469,48.84000015258789,47.619998931884766,48.119998931884766,36.75959777832031,7151000
2014-04-17,47.91999816894531,48.779998779296875,47.720001220703125,48.54999923706055,37.08807373046875,6196800
2014-04-21,48.5,49.45000076293945,48.400001525878906,49.43000030517578,37.760318756103516,4445000
2014-04-22,49.4900016784668,50.41999816894531,49.349998474121094,50.0099983215332,38.203392028808594,6613200
2014-04-23,50.13999938964844,50.2599983215332,49.38999938964844,50.13999938964844,38.30270004272461,6578300
2014-04-24,50.130001068115234,50.130001068115234,49.0,49.31999969482422,37.676292419433594,6628800
2014-04-25,50.209999084472656,50.97999954223633,48.95000076293945,49.13999938964844,37.538787841796875,7289100
2014-04-28,49.54999923706055,50.91999816894531,49.5,50.869998931884766,38.86035919189453,7932200
2014-04-29,50.939998626708984,51.529998779296875,50.7599983215332,51.369998931884766,39.24231719970703,5601300
2014-04-30,51.380001068115234,52.16999816894531,51.0,52.08000183105469,39.78469467163086,7430600
2014-05-01,51.88999938964844,52.099998474121094,51.40999984741211,51.61000061035156,39.42565155029297,4279800
2014-05-02,51.40999984741211,51.720001220703125,51.0,51.18000030517578,39.097171783447266,3341300
2014-05-05,50.9900016784668,51.369998931884766,50.310001373291016,51.36000061035156,39.23467254638672,2580300
2014-05-06,51.20000076293945,51.29999923706055,50.83000183105469,50.90999984741211,38.890926361083984,3353200
2014-05-07,52.380001068115234,52.869998931884766,51.27000045776367,52.790000915527344,40.32707977294922,7022600
2014-05-08,52.689998626708984,53.09000015258789,51.959999084472656,52.150001525878906,39.838172912597656,4092100
2014-05-09,52.06999969482422,52.349998474121094,51.08000183105469,52.2599983215332,39.92220687866211,5012500
2014-05-12,52.36000061035156,52.560001373291016,52.220001220703125,52.369998931884766,40.00624465942383,3626400
2014-05-13,52.45000076293945,52.5,51.91999816894531,52.20000076293945,39.876373291015625,4145200
2014-05-14,52.22999954223633,53.0,52.08000183105469,52.869998931884766,40.388187408447266,4878400
2014-05-15,52.959999084472656,53.06999969482422,52.41999816894531,52.689998626708984,40.25068283081055,6963800
2014-05-16,52.650001525878906,52.970001220703125,52.40999984741211,52.93000030517578,40.434017181396484,5826200
2014-05-19,52.84000015258789,54.209999084472656,52.709999084472656,54.11000061035156,41.33545684814453,6010500
2014-05-20,53.86000061035156,53.93000030517578,53.310001373291016,53.540000915527344,40.90000915527344,5021200
2014-05-21,53.5,53.84000015258789,53.099998474121094,53.27000045776367,40.693756103515625,4088000
2014-05-22,53.290000915527344,54.34000015258789,52.939998626708984,53.630001068115234,40.96876525878906,4486400
2014-05-23,53.939998626708984,54.380001068115234,53.84000015258789,53.95000076293945,41.21321487426758,3023500
2014-05-27,54.20000076293945,54.20000076293945,53.779998779296875,53.9900016784668,41.2437744140625,3816300
2014-05-28,53.959999084472656,54.61000061035156,53.81999969482422,54.06999969482422,41.304893493652344,4108300
2014-05-29,54.099998474121094,54.45000076293945,53.75,54.029998779296875,41.27433395385742,2768600
2014-05-30,53.97999954223633,54.43000030517578,53.88999938964844,54.33000183105469,41.503509521484375,4025600
2014-06-02,54.43000030517578,54.95000076293945,53.90999984741211,54.150001525878906,41.36600112915039,3635000
2014-06-03,54.060001373291016,54.470001220703125,53.869998931884766,54.369998931884766,41.53407287597656,3078000
2014-06-04,53.91999816894531,54.63999938964844,53.66999816894531,54.58000183105469,41.694480895996094,3388200
2014-06-05,54.54999923706055,55.31999969482422,54.36000061035156,55.29999923706055,42.2445068359375,4847300
2014-06-06,55.31999969482422,55.400001525878906,54.88999938964844,55.099998474121094,42.09172439575195,3449800
2014-06-09,54.41999816894531,54.880001068115234,53.720001220703125,53.84000015258789,41.12919616699219,6297500
2014-06-10,53.13999938964844,54.08000183105469,52.290000915527344,53.970001220703125,41.22850036621094,8414700
2014-06-11,53.849998474121094,54.70000076293945,53.75,54.22999954223633,41.42711639404297,5386800
2014-06-12,54.220001220703125,54.25,53.459999084472656,53.65999984741211,40.99168395996094,3941600
2014-06-13,53.66999816894531,54.310001373291016,53.439998626708984,54.15999984741211,41.3736457824707,4413000
2014-06-16,54.18000030517578,54.310001373291016,53.45000076293945,54.0,41.25141906738281,4410400
2014-06-17,54.4900016784668,54.540000915527344,53.849998474121094,54.29999923706055,41.48058319091797,3385000
2014-06-18,54.27000045776367,54.61000061035156,54.0,54.56999969482422,41.68684768676758,3337300
2014-06-19,54.13999938964844,54.810001373291016,53.91999816894531,54.189998626708984,41.39656448364258,3952800
2014-06-20,55.619998931884766,55.619998931884766,53.15999984741211,53.29999923706055,40.7166748046875,13457700
2014-06-23,53.7599983215332,54.400001525878906,53.540000915527344,53.75,41.060428619384766,6235600
2014-06-24,53.7400016784668,53.95000076293945,53.43000030517578,53.59000015258789,40.938209533691406,5483500
2014-06-25,53.52000045776367,55.790000915527344,53.400001525878906,55.0,42.01531982421875,11085100
2014-06-26,55.06999969482422,56.540000915527344,54.970001220703125,56.5099983215332,43.16883850097656,10716400
2014-06-27,56.58000183105469,56.900001525878906,56.279998779296875,56.790000915527344,43.382728576660156,7490800
2014-06-30,56.5099983215332,56.88999938964844,56.099998474121094,56.439998626708984,43.11537170410156,6229700
2014-07-01,56.41999816894531,57.20000076293945,56.16999816894531,56.88999938964844,43.45913314819336,6869800
2014-07-02,57.459999084472656,58.11000061035156,56.91999816894531,58.11000061035156,44.39110565185547,6198500
2014-07-03,57.900001525878906,58.27000045776367,57.650001525878906,58.220001220703125,44.47514343261719,3828900
2014-07-07,57.90999984741211,58.150001525878906,57.38999938964844,57.400001525878906,43.848716735839844,4736300
2014-07-08,56.68000030517578,56.970001220703125,55.47999954223633,55.689998626708984,42.54243469238281,9297300
2014-07-09,55.560001373291016,55.63999938964844,54.81999969482422,55.0099983215332,42.02296829223633,11516300
2014-07-10,54.5,55.880001068115234,54.279998779296875,55.790000915527344,42.61882400512695,7553100
2014-07-11,55.34000015258789,56.599998474121094,54.47999954223633,54.959999084472656,42.303245544433594,13586800
2014-07-14,53.88999938964844,55.04999923706055,53.720001220703125,54.849998474121094,42.21857452392578,30823300
2014-07-15,54.52000045776367,54.689998626708984,53.38999938964844,53.439998626708984,41.1332893371582,16796400
2014-07-16,53.25,53.66999816894531,51.81999969482422,53.650001525878906,41.294925689697266,23291200
2014-07-17,53.209999084472656,55.0,52.880001068115234,53.52000045776367,41.194862365722656,18699000
2014-07-18,53.0,55.119998931884766,53.0,54.90999984741211,42.26476287841797,42456000
2014-07-21,54.13999938964844,54.45000076293945,53.90999984741211,54.0,41.564327239990234,22334900
2014-07-22,53.81999969482422,54.380001068115234,53.75,54.04999923706055,41.60279846191406,14724300
2014-07-23,54.47999954223633,54.810001373291016,54.06999969482422,54.47999954223633,41.93378448486328,15011300
2014-07-24,54.220001220703125,54.560001373291016,53.970001220703125,54.08000183105469,41.62590408325195,11712800
2014-07-25,54.400001525878906,54.4900016784668,53.029998779296875,53.18000030517578,40.933170318603516,11680900
2014-07-28,53.41999816894531,54.0,53.16999816894531,53.7400016784668,41.364200592041016,10466000
2014-07-29,53.54999923706055,53.65999984741211,53.2400016784668,53.43000030517578,41.12559509277344,16171500
2014-07-30,53.279998779296875,53.88999938964844,53.029998779296875,53.75,41.37188720703125,12680100
2014-07-31,53.130001068115234,53.400001525878906,52.29999923706055,52.34000015258789,40.28659439086914,15479900
2014-08-01,52.029998779296875,52.63999938964844,51.75,52.47999954223633,40.39436340332031,11593200
2014-08-04,52.58000183105469,53.400001525878906,52.369998931884766,53.290000915527344,41.017822265625,10456300
2014-08-05,52.77000045776367,53.189998626708984,52.45000076293945,52.790000915527344,40.632972717285156,12783800
2014-08-06,51.47999954223633,52.65999984741211,51.369998931884766,52.04999923706055,40.063392639160156,18126200
2014-08-07,51.59000015258789,52.709999084472656,51.41999816894531,52.43000030517578,40.35588455200195,17171700
2014-08-08,52.720001220703125,52.88999938964844,52.290000915527344,52.81999969482422,40.656063079833984,13117700
2014-08-11,53.0,53.650001525878906,52.77000045776367,53.310001373291016,41.03322982788086,10074600
2014-08-12,53.220001220703125,53.29999923706055,52.56999969482422,52.84000015258789,40.67146301269531,8524600
2014-08-13,52.970001220703125,53.63999938964844,52.75,53.599998474121094,41.25644302368164,9029400
2014-08-14,53.619998931884766,54.22999954223633,53.529998779296875,54.189998626708984,41.710567474365234,7959800
2014-08-15,54.34000015258789,54.59000015258789,53.58000183105469,53.900001525878906,41.48735427856445,10109300
2014-08-18,54.38999938964844,54.52000045776367,53.84000015258789,54.310001373291016,41.80293273925781,7370500
2014-08-19,54.47999954223633,55.310001373291016,54.18000030517578,55.290000915527344,42.5572509765625,9159300
2014-08-20,54.81999969482422,55.18000030517578,54.689998626708984,55.060001373291016,42.380210876464844,7612200
2014-08-21,54.790000915527344,55.119998931884766,54.68000030517578,54.959999084472656,42.303245544433594,8063200
2014-08-22,54.869998931884766,55.27000045776367,54.36000061035156,55.20000076293945,42.487972259521484,9314600
2014-08-25,55.380001068115234,55.91999816894531,55.18000030517578,55.869998931884766,43.00367736816406,7553500
2014-08-26,55.68000030517578,55.939998626708984,55.63999938964844,55.75,42.911312103271484,9309800
2014-08-27,55.849998474121094,55.849998474121094,55.400001525878906,55.70000076293945,42.872840881347656,11022600
2014-08-28,55.52000045776367,55.68000030517578,55.25,55.599998474121094,42.79585647583008,7277900
2014-08-29,55.75,55.79999923706055,55.2400016784668,55.279998779296875,42.5495491027832,7524400
2014-09-02,55.43000030517578,55.529998779296875,54.959999084472656,55.06999969482422,42.38791275024414,7354900
2014-09-03,55.15999984741211,55.529998779296875,54.83000183105469,55.5099983215332,42.72658157348633,7562100
2014-09-04,55.36000061035156,55.599998474121094,55.09000015258789,55.540000915527344,42.74967575073242,10019400
2014-09-05,55.4900016784668,55.939998626708984,54.869998931884766,55.939998626708984,43.05755615234375,9914300
2014-09-08,55.779998779296875,55.95000076293945,55.369998931884766,55.56999969482422,42.772762298583984,6568800
2014-09-09,55.529998779296875,57.18000030517578,55.43000030517578,56.95000076293945,43.83496856689453,17558900
2014-09-10,56.900001525878906,57.31999969482422,56.5099983215332,57.189998626708984,44.01969909667969,8740300
2014-09-11,57.0,57.880001068115234,56.849998474121094,57.849998474121094,44.5276985168457,9943900
2014-09-12,57.849998474121094,58.77000045776367,57.7400016784668,57.880001068115234,44.55080032348633,15556200
2014-09-15,57.75,58.150001525878906,57.470001220703125,57.93000030517578,44.589290618896484,8632700
2014-09-16,57.630001068115234,58.70000076293945,57.459999084472656,58.599998474121094,45.10498046875,9112400
2014-09-17,58.88999938964844,60.02000045776367,58.75,59.619998931884766,45.89008712768555,14389400
2014-09-18,59.599998474121094,59.650001525878906,59.099998474121094,59.45000076293945,45.75923538208008,10980500
2014-09-19,59.84000015258789,59.93000030517578,59.0099983215332,59.060001373291016,45.45906066894531,13986900
2014-09-22,59.22999954223633,59.29999923706055,58.40999984741211,58.709999084472656,45.18965148925781,9045900
2014-09-23,56.79999923706055,58.27000045776367,56.599998474121094,57.560001373291016,44.30449676513672,24204400
2014-09-24,57.65999984741211,59.349998474121094,57.61000061035156,59.04999923706055,45.451358795166016,15763800
2014-09-25,58.470001220703125,59.5,57.970001220703125,58.0,44.643157958984375,10079400
2014-09-26,58.540000915527344,59.2400016784668,58.099998474121094,59.189998626708984,45.559112548828125,15866000
2014-09-29,58.13999938964844,58.83000183105469,57.939998626708984,58.52000045776367,45.04341506958008,7640400
2014-09-30,58.2599983215332,58.810001373291016,57.72999954223633,57.7599983215332,44.45842361450195,8599000
2014-10-01,57.93000030517578,57.939998626708984,56.959999084472656,57.22999954223633,44.05048751831055,8431900
2014-10-02,57.540000915527344,57.70000076293945,56.13999938964844,56.66999816894531,43.61944580078125,8371500
2014-10-03,57.41999816894531,58.779998779296875,57.34000015258789,58.689998626708984,45.17426681518555,11675600
2014-10-06,58.59000015258789,58.9900016784668,57.65999984741211,57.810001373291016,44.496925354003906,7359900
2014-10-07,57.599998474121094,57.599998474121094,56.5099983215332,56.650001525878906,43.60405731201172,8923500
2014-10-08,56.540000915527344,58.45000076293945,56.18000030517578,58.34000015258789,44.904869079589844,10917200
2014-10-09,58.52000045776367,58.54999923706055,56.709999084472656,56.720001220703125,43.657936096191406,11911600
2014-10-10,55.9900016784668,56.66999816894531,54.95000076293945,54.970001220703125,42.6265869140625,12108700
2014-10-13,54.880001068115234,55.150001525878906,53.58000183105469,53.619998931884766,41.57971954345703,16908200
2014-10-14,53.59000015258789,54.84000015258789,53.02000045776367,54.130001068115234,41.97520065307617,14293600
2014-10-15,52.33000183105469,55.720001220703125,52.060001373291016,54.630001068115234,42.36293029785156,122740200
2014-10-16,55.79999923706055,55.900001525878906,52.84000015258789,52.900001525878906,41.021400451660156,61236700
2014-10-17,53.779998779296875,53.900001525878906,52.900001525878906,53.369998931884766,41.3858528137207,31891900
2014-10-20,52.560001373291016,54.59000015258789,52.25,54.40999984741211,42.19232940673828,17954600
2014-10-21,55.29999923706055,56.45000076293945,55.02000045776367,56.290000915527344,43.65018081665039,17522100
2014-10-22,56.959999084472656,57.45000076293945,56.2599983215332,56.900001525878906,44.123207092285156,16048100
2014-10-23,58.099998474121094,59.70000076293945,57.880001068115234,59.52000045776367,46.15489196777344,14729300
2014-10-24,59.34000015258789,60.40999984741211,59.34000015258789,60.290000915527344,46.751991271972656,10391600
2014-10-27,60.349998474121094,60.97999954223633,60.209999084472656,60.4900016784668,46.90707015991211,10010900
2014-10-28,60.7599983215332,61.130001068115234,60.439998626708984,60.93000030517578,47.24827194213867,9412500
2014-10-29,60.9900016784668,60.9900016784668,59.36000061035156,59.97999954223633,46.511592864990234,16547900
2014-10-30,60.0,61.43000030517578,59.90999984741211,61.18000030517578,47.442142486572266,11635300
2014-10-31,63.060001373291016,63.9900016784668,62.369998931884766,63.459999084472656,49.210166931152344,15009900
2014-11-03,63.65999984741211,63.900001525878906,62.939998626708984,63.25,49.047325134277344,8250800
2014-11-04,63.209999084472656,63.61000061035156,62.31999969482422,62.65999984741211,48.589805603027344,9741700
2014-11-05,63.4900016784668,63.66999816894531,62.20000076293945,62.540000915527344,48.49675750732422,6465000
2014-11-06,62.75,63.38999938964844,62.41999816894531,62.709999084472656,48.628570556640625,5152400
2014-11-07,62.310001373291016,62.33000183105469,61.310001373291016,61.5,47.69028091430664,7002600
2014-11-10,61.9900016784668,64.05999755859375,61.869998931884766,63.790000915527344,49.466068267822266,9513000
2014-11-11,63.689998626708984,64.19999694824219,63.5,63.849998474121094,49.512596130371094,5041200
2014-11-12,63.560001373291016,64.0199966430664,63.560001373291016,63.7599983215332,49.44279861450195,5366700
2014-11-13,64.25,64.79000091552734,63.400001525878906,63.630001068115234,49.34199905395508,4510200
2014-11-14,63.97999954223633,64.0,63.130001068115234,64.0,49.62892150878906,4684900
2014-11-17,64.08000183105469,65.41000366210938,64.02999877929688,65.04000091552734,50.43537902832031,7117100
2014-11-18,64.77999877929688,66.23999786376953,64.77999877929688,66.05000305175781,51.21858596801758,6432200
2014-11-19,65.87999725341797,66.1500015258789,65.22000122070312,65.5,50.792091369628906,5710900
2014-11-20,65.04000091552734,65.68000030517578,64.93000030517578,65.19000244140625,50.55171203613281,4975500
2014-11-21,66.41000366210938,67.36000061035156,65.75,67.36000061035156,52.234439849853516,9165900
2014-11-24,67.4000015258789,68.05999755859375,67.4000015258789,67.77999877929688,52.56012725830078,7730400
2014-11-25,67.63999938964844,68.20999908447266,67.1500015258789,68.05999755859375,52.77724838256836,7550800
2014-11-26,68.33999633789062,68.86000061035156,67.87999725341797,68.69999694824219,53.27354049682617,4046000
2014-11-28,69.0,69.4800033569336,68.88999938964844,69.19999694824219,53.6612663269043,2953700
2014-12-01,69.08000183105469,69.5,68.83000183105469,69.11000061035156,53.59147644042969,4885100
2014-12-02,68.87999725341797,69.48999786376953,68.6500015258789,69.2699966430664,53.71552658081055,6491500
2014-12-03,69.16999816894531,69.4800033569336,68.41000366210938,68.5,53.118438720703125,5817700
2014-12-04,68.3499984741211,69.86000061035156,68.29000091552734,69.56999969482422,53.94819259643555,7665300
2014-12-05,69.5199966430664,70.16999816894531,69.33999633789062,69.70999908447266,54.05674362182617,4360100
2014-12-08,69.80999755859375,70.76000213623047,69.3499984741211,69.41999816894531,53.83185577392578,5452100
2014-12-09,68.20999908447266,69.19000244140625,67.61000061035156,69.13999938964844,53.61473846435547,6833800
2014-12-10,69.44000244140625,69.44000244140625,67.52999877929688,67.58000183105469,52.405033111572266,8575700
2014-12-11,66.4800033569336,67.95999908447266,66.23999786376953,67.02999877929688,51.97853088378906,9518000
2014-12-12,66.52999877929688,67.16999816894531,65.01000213623047,65.2699966430664,50.613739013671875,9215500
2014-12-15,65.75,66.47000122070312,64.80999755859375,65.62000274658203,50.88515090942383,7226000
2014-12-16,65.11000061035156,66.94000244140625,64.80000305175781,65.25,50.59823226928711,8545100
2014-12-17,65.5,66.73999786376953,65.08999633789062,66.56999969482422,51.621822357177734,5934900
2014-12-18,67.86000061035156,68.01000213623047,67.19999694824219,67.91999816894531,52.66868591308594,7184700
2014-12-19,67.69000244140625,68.62000274658203,66.83999633789062,67.70999908447266,52.5058479309082,12631000
2014-12-22,68.04000091552734,68.25,66.83000183105469,66.97000122070312,51.9320068359375,12876600
2014-12-23,67.2300033569336,67.31999969482422,64.0199966430664,64.3499984741211,49.90031814575195,12123000
2014-12-24,64.75,66.94999694824219,64.75,66.20999908447266,51.342655181884766,4705500
2014-12-26,66.51000213623047,67.23999786376953,66.51000213623047,66.9800033569336,51.93976974487305,4158200
2014-12-29,66.58000183105469,67.37000274658203,66.41999816894531,67.13999938964844,52.06382751464844,3872800
2014-12-30,66.7699966430664,67.16000366210938,66.0199966430664,66.30000305175781,51.41246032714844,5568800
2014-12-31,66.72000122070312,67.0999984741211,65.3499984741211,65.44000244140625,50.745567321777344,3917300
2015-01-02,65.44000244140625,66.4000015258789,65.44000244140625,65.88999938964844,51.09451675415039,5086100
2015-01-05,65.5,66.0999984741211,63.880001068115234,64.6500015258789,50.13294982910156,8007400
2015-01-06,65.62000274658203,65.75,63.70000076293945,64.33000183105469,49.88480758666992,5483700
2015-01-07,64.56999969482422,67.05000305175781,64.4800033569336,66.93000030517578,51.90098190307617,8283300
2015-01-08,68.16000366210938,68.29000091552734,67.41999816894531,67.62999725341797,52.44380187988281,7949000
2015-01-09,66.69000244140625,67.19999694824219,65.11000061035156,65.77999877929688,51.009220123291016,8779900
2015-01-12,66.33999633789062,66.93000030517578,65.30999755859375,65.76000213623047,50.993709564208984,6159800
2015-01-13,65.72000122070312,66.06999969482422,62.90999984741211,63.38999938964844,49.52490997314453,13908400
2015-01-14,62.619998931884766,64.06999969482422,61.86000061035156,63.70000076293945,49.76710510253906,9448300
2015-01-15,64.0,64.11000061035156,62.869998931884766,62.88999938964844,49.134273529052734,6149100
2015-01-16,62.95000076293945,64.62000274658203,62.63999938964844,64.54000091552734,50.423377990722656,8106000
2015-01-20,65.05999755859375,65.29000091552734,62.75,63.45000076293945,49.57179260253906,9065300
2015-01-21,63.099998474121094,63.45000076293945,62.279998779296875,62.70000076293945,48.9858283996582,7979500
2015-01-22,63.20000076293945,63.45000076293945,61.880001068115234,62.97999954223633,49.20458984375,8941700
2015-01-23,63.65999984741211,63.65999984741211,62.349998474121094,62.43000030517578,48.7748908996582,6881100
2015-01-26,62.2599983215332,63.040000915527344,61.68000030517578,62.83000183105469,49.087398529052734,8181100
2015-01-27,62.33000183105469,63.5,62.20000076293945,63.099998474121094,49.29833984375,6532300
2015-01-28,63.439998626708984,63.560001373291016,61.689998626708984,61.849998474121094,48.321746826171875,6910100
2015-01-29,62.119998931884766,63.380001068115234,61.59000015258789,63.119998931884766,49.31397247314453,8485600
2015-01-30,62.09000015258789,62.68000030517578,60.119998931884766,60.349998474121094,47.149845123291016,17582500
2015-02-02,61.4900016784668,61.4900016784668,58.650001525878906,60.70000076293945,47.42328643798828,11491100
2015-02-03,61.599998474121094,61.7599983215332,59.97999954223633,61.650001525878906,48.165504455566406,10721800
2015-02-04,58.95000076293945,58.95000076293945,56.650001525878906,56.90999984741211,44.46226119995117,31250600
2015-02-05,57.54999923706055,58.2599983215332,56.150001525878906,57.9900016784668,45.3060417175293,18964700
2015-02-06,57.709999084472656,57.83000183105469,56.689998626708984,56.900001525878906,44.45445251464844,13890900
2015-02-09,55.66999816894531,56.349998474121094,55.18000030517578,55.47999954223633,43.34503936767578,22522000
2015-02-10,55.93000030517578,57.0099983215332,55.599998474121094,56.88999938964844,44.44664001464844,18917000
2015-02-11,57.36000061035156,57.83000183105469,56.2599983215332,56.689998626708984,44.29038619995117,14681600
2015-02-12,57.400001525878906,57.58000183105469,56.15999984741211,57.04999923706055,44.57164764404297,11940900
2015-02-13,57.349998474121094,58.099998474121094,56.900001525878906,58.04999923706055,45.35292434692383,11303200
2015-02-17,58.95000076293945,59.0,57.900001525878906,58.720001220703125,45.876365661621094,12789700
2015-02-18,59.150001525878906,59.47999954223633,58.310001373291016,59.2400016784668,46.282630920410156,10781700
2015-02-19,58.91999816894531,59.08000183105469,58.650001525878906,59.0,46.095123291015625,8665500
2015-02-20,59.61000061035156,61.34000015258789,59.220001220703125,61.29999923706055,47.89205551147461,15534000
2015-02-23,61.540000915527344,61.900001525878906,60.2400016784668,60.56999969482422,47.32172775268555,11582700
2015-02-24,60.849998474121094,61.29999923706055,60.52000045776367,60.869998931884766,47.55610656738281,7900700
2015-02-25,61.099998474121094,61.099998474121094,60.209999084472656,60.619998931884766,47.36077880859375,9983900
2015-02-26,60.349998474121094,60.810001373291016,60.27000045776367,60.52000045776367,47.282657623291016,7328200
2015-02-27,60.529998779296875,60.9900016784668,60.369998931884766,60.5,47.26702880859375,8649100
2015-03-02,60.5,60.75,60.060001373291016,60.459999084472656,47.235774993896484,6150900
2015-03-03,60.349998474121094,60.45000076293945,59.439998626708984,59.619998931884766,46.57951354980469,7421000
2015-03-04,59.31999969482422,60.41999816894531,59.029998779296875,60.27000045776367,47.08735275268555,8536000
2015-03-05,57.209999084472656,59.47999954223633,56.650001525878906,56.86000061035156,44.42319869995117,47051800
2015-03-06,56.95000076293945,57.400001525878906,55.439998626708984,55.63999938964844,43.47004318237305,22853000
2015-03-09,55.93000030517578,56.029998779296875,55.2599983215332,55.540000915527344,43.39192199707031,14779900
2015-03-10,55.220001220703125,56.29999923706055,54.779998779296875,55.84000015258789,43.626312255859375,17907700
2015-03-11,56.189998626708984,56.880001068115234,55.65999984741211,56.619998931884766,44.23569869995117,14629000
2015-03-12,56.779998779296875,58.90999984741211,56.650001525878906,58.0,45.3138542175293,18227800
2015-03-13,58.119998931884766,58.869998931884766,57.349998474121094,58.0,45.3138542175293,10114500
2015-03-16,58.459999084472656,59.70000076293945,58.33000183105469,59.119998931884766,46.18887710571289,12098700
2015-03-17,58.720001220703125,60.18000030517578,58.70000076293945,59.72999954223633,46.66544723510742,10983600
2015-03-18,59.7599983215332,60.41999816894531,59.25,59.88999938964844,46.79045486450195,11889200
2015-03-19,60.09000015258789,61.47999954223633,59.9900016784668,61.189998626708984,47.80611038208008,14110500
2015-03-20,61.5,61.72999954223633,60.31999969482422,60.400001525878906,47.188907623291016,13313100
2015-03-23,60.04999923706055,61.189998626708984,59.619998931884766,60.47999954223633,47.25140380859375,7926400
2015-03-24,60.650001525878906,60.81999969482422,59.45000076293945,59.630001068115234,46.58732986450195,7970000
2015-03-25,60.08000183105469,60.09000015258789,58.209999084472656,58.220001220703125,45.485740661621094,11619200
2015-03-26,57.97999954223633,58.09000015258789,57.220001220703125,57.27000045776367,44.74351501464844,10853900
2015-03-27,57.630001068115234,58.04999923706055,57.310001373291016,57.650001525878906,45.0404052734375,6830100
2015-03-30,57.93000030517578,58.34000015258789,57.790000915527344,58.2400016784668,45.50135803222656,5781900
2015-03-31,58.0099983215332,58.810001373291016,57.709999084472656,58.540000915527344,45.73574447631836,12313600
2015-04-01,58.47999954223633,58.4900016784668,56.33000183105469,57.099998474121094,44.61070251464844,14903300
2015-04-02,57.439998626708984,57.810001373291016,56.900001525878906,57.0099983215332,44.5403938293457,8787000
2015-04-06,56.810001373291016,57.88999938964844,56.68000030517578,57.61000061035156,45.0091667175293,10280100
2015-04-07,58.25,58.75,57.790000915527344,58.41999816894531,45.64198684692383,10171500
2015-04-08,58.5,58.97999954223633,57.95000076293945,58.810001373291016,45.94668197631836,11075800
2015-04-09,59.20000076293945,60.43000030517578,59.04999923706055,60.31999969482422,47.126407623291016,12698000
2015-04-10,60.5,62.33000183105469,60.31999969482422,62.0,48.43894577026367,17894700
2015-04-13,61.810001373291016,62.15999984741211,61.060001373291016,61.20000076293945,48.21049880981445,11400900
2015-04-14,61.400001525878906,61.810001373291016,60.5099983215332,61.720001220703125,48.6201286315918,13071400
2015-04-15,62.099998474121094,62.70000076293945,61.970001220703125,62.029998779296875,48.86433792114258,11534200
2015-04-16,61.79999923706055,62.90999984741211,61.650001525878906,62.59000015258789,49.30546951293945,9815600
2015-04-17,62.119998931884766,62.790000915527344,61.869998931884766,62.290000915527344,49.069149017333984,9905600
2015-04-20,62.90999984741211,64.0,62.79999923706055,63.540000915527344,50.053836822509766,12779200
2015-04-21,63.88999938964844,64.23999786376953,63.27000045776367,63.61000061035156,50.10898208618164,8457300
2015-04-22,63.599998474121094,64.7300033569336,63.560001373291016,64.5199966430664,50.825836181640625,13874300
2015-04-23,65.26000213623047,65.30999755859375,62.72999954223633,64.25,50.61314392089844,18405300
2015-04-24,64.30999755859375,66.37000274658203,64.13999938964844,66.06999969482422,52.046852111816406,14859500
2015-04-27,66.0199966430664,66.66000366210938,64.86000061035156,65.0199966430664,51.219703674316406,18141700
2015-04-28,64.5999984741211,66.48999786376953,64.19999694824219,66.48999786376953,52.377708435058594,13084900
2015-04-29,65.69999694824219,66.18000030517578,65.51000213623047,65.62999725341797,51.70023727416992,9864300
2015-04-30,65.38999938964844,65.91999816894531,64.31999969482422,64.66000366210938,50.936126708984375,10298600
2015-05-01,65.08999633789062,65.5,63.880001068115234,64.31999969482422,50.66828536987305,9870800
2015-05-04,64.31999969482422,65.44000244140625,64.01000213623047,64.68000030517578,50.951881408691406,8493500
2015-05-05,64.19999694824219,64.9000015258789,63.779998779296875,63.86000061035156,50.30592346191406,7635900
2015-05-06,64.11000061035156,64.52999877929688,63.400001525878906,63.939998626708984,50.368934631347656,8476300
2015-05-07,63.59000015258789,64.80999755859375,63.59000015258789,64.69999694824219,50.96763610839844,8638200
2015-05-08,65.0999984741211,65.80000305175781,64.9000015258789,65.23999786376953,51.39301681518555,7541100
2015-05-11,65.19000244140625,65.80000305175781,65.08000183105469,65.19999694824219,51.36150360107422,7978700
2015-05-12,64.75,65.2699966430664,64.58999633789062,64.80999755859375,51.054283142089844,5927000
2015-05-13,64.9800033569336,65.31999969482422,64.62999725341797,65.30000305175781,51.44029235839844,8519200
2015-05-14,65.86000061035156,66.2699966430664,64.94000244140625,65.97000122070312,51.968074798583984,5868900
2015-05-15,65.93000030517578,66.5199966430664,65.91000366210938,65.98999786376953,51.98383712768555,6786400
2015-05-18,65.79000091552734,65.91000366210938,65.13999938964844,65.61000061035156,51.684486389160156,7858100
2015-05-19,65.70999908447266,66.12000274658203,65.4000015258789,65.7300033569336,51.779014587402344,7674600
2015-05-20,65.91999816894531,66.19999694824219,65.38999938964844,65.88999938964844,51.90505599975586,9956000
2015-05-21,65.44999694824219,65.80999755859375,64.87000274658203,65.6500015258789,51.71599578857422,10553400
2015-05-22,65.4800033569336,65.87000274658203,65.30999755859375,65.4800033569336,51.582088470458984,14041500
2015-05-26,65.72000122070312,67.0,65.66000366210938,66.0999984741211,52.07047653198242,21034300
2015-05-27,66.75,67.98999786376953,66.56999969482422,67.37999725341797,53.07881164550781,40778800
2015-05-28,67.41999816894531,67.52999877929688,66.62999725341797,67.47000122070312,53.149715423583984,12891500
2015-05-29,67.22000122070312,67.5199966430664,66.38999938964844,66.58999633789062,52.45648956298828,9451000
2015-06-01,66.80000305175781,67.26000213623047,66.26000213623047,66.93000030517578,52.72431564331055,12426700
2015-06-02,66.69999694824219,67.2300033569336,66.33000183105469,66.62000274658203,52.4801139831543,11133200
2015-06-03,66.9000015258789,67.30000305175781,66.62000274658203,67.01000213623047,52.78733444213867,20804000
2015-06-04,66.55000305175781,67.87000274658203,66.5199966430664,67.41999816894531,53.110321044921875,10539000
2015-06-05,66.9800033569336,67.76000213623047,66.62000274658203,67.4000015258789,53.09455490112305,8908900
2015-06-08,67.86000061035156,68.19999694824219,67.52999877929688,67.79000091552734,53.401798248291016,10276700
2015-06-09,67.5199966430664,68.08000183105469,67.51000213623047,67.66999816894531,53.3072509765625,8132800
2015-06-10,67.66000366210938,68.44000244140625,67.54000091552734,68.23999786376953,53.75627517700195,7349300
2015-06-11,68.66999816894531,68.66999816894531,67.6500015258789,68.04000091552734,53.598724365234375,7552200
2015-06-12,67.88999938964844,67.93000030517578,66.58999633789062,67.05000305175781,52.8188591003418,8249900
2015-06-15,66.66000366210938,67.05000305175781,66.0999984741211,66.91000366210938,52.70856857299805,7028400
2015-06-16,66.72000122070312,67.4000015258789,66.62000274658203,66.7699966430664,52.59828186035156,5200700
2015-06-17,66.97000122070312,67.98999786376953,66.87999725341797,67.7699966430664,53.38603210449219,7377100
2015-06-18,67.79000091552734,69.06999969482422,67.79000091552734,68.9800033569336,54.33922576904297,9079000
2015-06-19,68.5,69.75,68.5,69.4800033569336,54.73308563232422,9979500
2015-06-22,69.8499984741211,70.5999984741211,69.7300033569336,70.12000274658203,55.237239837646484,10124900
2015-06-23,70.01000213623047,70.48999786376953,69.56999969482422,70.0199966430664,55.158477783203125,8720000
2015-06-24,70.5199966430664,70.75,69.02999877929688,69.22000122070312,54.52827835083008,9308200
2015-06-25,69.66999816894531,70.37999725341797,69.29000091552734,69.81999969482422,55.000938415527344,6191200
2015-06-26,69.94999694824219,70.5999984741211,69.68000030517578,70.45999908447266,55.505088806152344,9669500
2015-06-29,69.2699966430664,70.0199966430664,67.08000183105469,67.18000030517578,52.9212532043457,12057200
2015-06-30,68.0,68.22000122070312,66.66000366210938,67.19000244140625,52.929141998291016,11459600
2015-07-01,67.9000015258789,68.5999984741211,67.68000030517578,68.51000213623047,53.968963623046875,7694900
2015-07-02,68.68000030517578,68.9000015258789,67.79000091552734,68.20999908447266,53.73264694213867,6245700
2015-07-06,67.52999877929688,69.0,67.48999786376953,68.22000122070312,53.74051284790039,17029100
2015-07-07,68.41999816894531,68.79000091552734,67.31999969482422,68.55999755859375,54.00835418701172,7821600
2015-07-08,67.79000091552734,68.44000244140625,67.58000183105469,67.66000366210938,53.29938507080078,5027200
2015-07-09,68.4800033569336,68.91999816894531,67.80000305175781,67.97000122070312,53.5435905456543,6516800
2015-07-10,68.94000244140625,69.5,68.52999877929688,69.2300033569336,54.53615951538086,6891400
2015-07-13,69.41999816894531,69.69999694824219,69.16999816894531,69.56999969482422,55.21072769165039,5507000
2015-07-14,69.70999908447266,70.5199966430664,69.4000015258789,69.80000305175781,55.39324951171875,6628300
2015-07-15,69.80999755859375,70.04000091552734,69.30999755859375,69.75,55.35356521606445,16761400
2015-07-16,70.13999938964844,70.30000305175781,69.83000183105469,69.98999786376953,55.544036865234375,6843800
2015-07-17,69.98999786376953,70.12999725341797,69.69999694824219,69.98999786376953,55.544036865234375,6141200
2015-07-20,70.0,71.11000061035156,69.86000061035156,70.80000305175781,56.18684005737305,9633000
2015-07-21,70.80999755859375,71.5999984741211,70.22000122070312,70.54000091552734,55.98051452636719,5028500
2015-07-22,70.26000213623047,70.6500015258789,70.02999877929688,70.55999755859375,55.996376037597656,5701700
2015-07-23,70.25,70.93000030517578,70.13999938964844,70.5199966430664,55.964637756347656,5636600
2015-07-24,67.52999877929688,69.0199966430664,67.3499984741211,68.08000183105469,54.02825927734375,13495200
2015-07-27,68.45999908447266,70.95999908447266,68.45999908447266,69.33999633789062,55.02818298339844,12841500
2015-07-28,69.5,71.44000244140625,69.08000183105469,71.2300033569336,56.5280876159668,10098300
2015-07-29,71.29000091552734,71.51000213623047,70.73999786376953,70.7699966430664,56.16302490234375,6793300
2015-07-30,70.86000061035156,70.87999725341797,69.2699966430664,70.16000366210938,55.6789436340332,6820400
2015-07-31,70.37999725341797,70.37999725341797,69.7300033569336,70.01000213623047,55.55989456176758,6181300
2015-08-03,70.19000244140625,70.79000091552734,69.27999877929688,69.7300033569336,55.33768844604492,9872300
2015-08-04,70.04000091552734,70.38999938964844,69.66999816894531,69.94999694824219,55.51227569580078,5410900
2015-08-05,70.0999984741211,70.63999938964844,70.05000305175781,70.30000305175781,55.79005432128906,10090200
2015-08-06,70.37000274658203,70.77999877929688,68.80000305175781,69.23999786376953,54.948829650878906,6172200
2015-08-07,69.08000183105469,69.30000305175781,67.7699966430664,68.62000274658203,54.4567985534668,6214500
2015-08-10,68.91999816894531,69.43000030517578,68.5,69.20999908447266,54.92503356933594,8189400
2015-08-11,68.5,69.29000091552734,67.94000244140625,68.25,54.163169860839844,7473200
2015-08-12,67.83000183105469,68.91999816894531,67.23999786376953,68.75,54.55996322631836,8337600
2015-08-13,68.68000030517578,69.08999633789062,68.20999908447266,68.54000091552734,54.393306732177734,7184900
2015-08-14,68.55999755859375,69.44000244140625,68.41000366210938,68.6500015258789,54.48060607910156,5864800
2015-08-17,68.70999908447266,69.81999969482422,68.30000305175781,69.37000274658203,55.051998138427734,17669900
2015-08-18,69.41999816894531,69.73999786376953,68.66999816894531,68.86000061035156,54.64727020263672,6376500
2015-08-19,68.75,69.08000183105469,68.20999908447266,68.58999633789062,54.43300247192383,6270300
2015-08-20,68.0,68.43000030517578,67.4800033569336,67.4800033569336,53.55210494995117,9600900
2015-08-21,66.73999786376953,67.16000366210938,65.83000183105469,65.9000015258789,52.298213958740234,16277100
2015-08-24,61.16999816894531,64.8499984741211,53.869998931884766,63.45000076293945,50.3538818359375,24292600
2015-08-25,65.11000061035156,65.12000274658203,60.650001525878906,60.709999084472656,48.17942428588867,15267000
2015-08-26,62.470001220703125,63.220001220703125,60.880001068115234,63.13999938964844,50.107872009277344,15289600
2015-08-27,64.02999877929688,64.5999984741211,63.0,64.51000213623047,51.195106506347656,12592100
2015-08-28,63.90999984741211,64.77999877929688,63.439998626708984,63.97999954223633,50.77449417114258,7316400
2015-08-31,64.13999938964844,64.30999755859375,62.25,62.40999984741211,49.52853775024414,15581100
2015-09-01,61.0,61.630001068115234,60.15999984741211,60.5,48.01277160644531,12703200
2015-09-02,61.560001373291016,61.599998474121094,60.279998779296875,60.97999954223633,48.39369583129883,12044500
2015-09-03,61.45000076293945,62.279998779296875,61.349998474121094,61.58000183105469,48.86985778808594,11777400
2015-09-04,60.650001525878906,60.79999923706055,58.959999084472656,59.77000045776367,47.433441162109375,9281400
2015-09-08,60.220001220703125,60.939998626708984,59.90999984741211,60.56999969482422,48.06831741333008,9263200
2015-09-09,61.52000045776367,61.52000045776367,59.11000061035156,59.2599983215332,47.028709411621094,8436900
2015-09-10,59.36000061035156,60.130001068115234,58.88999938964844,59.58000183105469,47.282657623291016,9306600
2015-09-11,59.619998931884766,59.7599983215332,58.970001220703125,59.349998474121094,47.10013198852539,9365400
2015-09-14,59.43000030517578,59.619998931884766,57.540000915527344,58.939998626708984,46.77475357055664,9095600
2015-09-15,58.97999954223633,59.439998626708984,58.369998931884766,59.20000076293945,46.98108673095703,10474700
2015-09-16,59.5,59.63999938964844,58.630001068115234,59.5099983215332,47.22709274291992,8044200
2015-09-17,59.560001373291016,60.91999816894531,59.38999938964844,59.86000061035156,47.50486755371094,10281700
2015-09-18,59.41999816894531,61.83000183105469,58.970001220703125,61.220001220703125,48.584163665771484,28957000
2015-09-21,61.2400016784668,61.7400016784668,59.290000915527344,59.38999938964844,47.131866455078125,11038100
2015-09-22,58.16999816894531,58.2599983215332,56.90999984741211,57.7400016784668,45.82244110107422,14192000
2015-09-23,57.900001525878906,58.400001525878906,57.150001525878906,57.43000030517578,45.57642364501953,9827000
2015-09-24,56.93000030517578,57.47999954223633,55.91999816894531,56.56999969482422,44.8939208984375,8625500
2015-09-25,57.84000015258789,57.880001068115234,55.08000183105469,55.7400016784668,44.23523712158203,8673500
2015-09-28,55.38999938964844,55.43000030517578,52.34000015258789,52.5,41.66397476196289,15123000
2015-09-29,53.099998474121094,54.189998626708984,51.880001068115234,52.790000915527344,41.89411544799805,12842800
2015-09-30,53.540000915527344,54.5,53.36000061035156,54.40999984741211,43.17974090576172,11895500
2015-10-01,54.68000030517578,55.22999954223633,53.93000030517578,55.130001068115234,43.75114059448242,9255800
2015-10-02,53.869998931884766,55.849998474121094,53.720001220703125,55.81999969482422,44.29872131347656,6942600
2015-10-05,56.38999938964844,56.95000076293945,55.439998626708984,56.68000030517578,44.98122024536133,9332800
2015-10-06,56.2599983215332,56.66999816894531,53.959999084472656,55.08000183105469,43.711456298828125,9008300
2015-10-07,54.849998474121094,56.54999923706055,53.90999984741211,55.630001068115234,44.14794158935547,11056100
2015-10-08,55.130001068115234,56.15999984741211,54.79999923706055,56.040000915527344,44.47332000732422,6737300
2015-10-09,56.18000030517578,56.5,55.470001220703125,55.63999938964844,44.1558723449707,7178500
2015-10-12,55.79999923706055,56.27000045776367,55.52000045776367,55.77000045776367,44.2590446472168,6515000
2015-10-13,55.16999816894531,55.36000061035156,53.709999084472656,53.79999923706055,43.08968734741211,9467900
2015-10-14,54.09000015258789,54.619998931884766,53.56999969482422,53.939998626708984,43.20181655883789,8727400
2015-10-15,54.31999969482422,56.20000076293945,53.849998474121094,56.13999938964844,44.9638557434082,7781600
2015-10-16,56.290000915527344,56.970001220703125,55.790000915527344,56.529998779296875,45.276206970214844,7342800
2015-10-19,56.290000915527344,56.70000076293945,55.689998626708984,56.15999984741211,44.979881286621094,6463000
2015-10-20,56.150001525878906,56.380001068115234,54.630001068115234,54.83000183105469,43.91464614868164,6494600
2015-10-21,55.279998779296875,55.61000061035156,53.06999969482422,53.83000183105469,43.11372375488281,11638800
2015-10-22,53.880001068115234,54.439998626708984,45.45000076293945,48.27000045776367,38.660587310791016,46517700
2015-10-23,49.40999984741211,51.72999954223633,48.63999938964844,50.34000015258789,40.31849670410156,26214800
2015-10-26,50.16999816894531,52.47999954223633,49.349998474121094,51.869998931884766,41.54391098022461,13890400
2015-10-27,52.0099983215332,53.4900016784668,52.0099983215332,52.58000183105469,42.112571716308594,11710800
2015-10-28,52.81999969482422,53.84000015258789,52.08000183105469,53.2599983215332,42.657196044921875,7869000
2015-10-29,53.20000076293945,55.18000030517578,53.02000045776367,54.099998474121094,43.32997131347656,9304400
2015-10-30,57.869998931884766,60.72999954223633,57.65999984741211,59.54999923706055,47.69500732421875,27465600
2015-11-02,61.599998474121094,64.19999694824219,61.439998626708984,63.380001068115234,50.762542724609375,17008700
2015-11-03,63.119998931884766,63.720001220703125,61.91999816894531,62.43000030517578,50.00166320800781,8754700
2015-11-04,62.43000030517578,64.1500015258789,62.29999923706055,63.79999923706055,51.09892272949219,10342600
2015-11-05,63.70000076293945,64.18000030517578,61.689998626708984,62.77000045776367,50.27397537231445,10237200
2015-11-06,62.25,64.30000305175781,62.130001068115234,64.12999725341797,51.36323165893555,7261100
2015-11-09,63.619998931884766,64.12999725341797,63.11000061035156,63.22999954223633,50.64241409301758,8239400
2015-11-10,63.33000183105469,63.619998931884766,62.279998779296875,62.29999923706055,49.897544860839844,6897600
2015-11-11,62.20000076293945,62.27000045776367,60.56999969482422,60.86000061035156,48.744224548339844,8212500
2015-11-12,60.790000915527344,61.72999954223633,60.150001525878906,60.22999954223633,48.23963928222656,7765500
2015-11-13,60.0099983215332,60.970001220703125,58.88999938964844,59.86000061035156,47.94329833984375,7834400
2015-11-16,59.7400016784668,60.810001373291016,59.560001373291016,60.0099983215332,48.06343460083008,6965100
2015-11-17,60.099998474121094,61.72999954223633,59.72999954223633,60.380001068115234,48.35978317260742,8405400
2015-11-18,60.2599983215332,61.060001373291016,59.849998474121094,60.9900016784668,48.848331451416016,5470200
2015-11-19,61.220001220703125,61.72999954223633,60.13999938964844,60.54999923706055,48.49593734741211,5571200
2015-11-20,60.939998626708984,61.36000061035156,60.56999969482422,61.11000061035156,48.94443893432617,7490200
2015-11-23,61.310001373291016,61.529998779296875,60.84000015258789,61.150001525878906,48.976478576660156,6405000
2015-11-24,60.560001373291016,61.650001525878906,60.529998779296875,61.130001068115234,48.96046829223633,5213500
2015-11-25,61.099998474121094,61.130001068115234,60.209999084472656,60.290000915527344,48.287696838378906,4879800
2015-11-27,60.16999816894531,60.45000076293945,59.61000061035156,60.0,48.055423736572266,2404100
2015-11-30,59.959999084472656,60.209999084472656,57.959999084472656,58.150001525878906,46.57371139526367,12660200
2015-12-01,58.22999954223633,59.099998474121094,57.15999984741211,59.02000045776367,47.2705192565918,11290500
2015-12-02,59.16999816894531,59.38999938964844,57.369998931884766,57.720001220703125,46.22932434082031,7663000
2015-12-03,57.709999084472656,57.75,55.529998779296875,56.119998931884766,44.947845458984375,9701500
2015-12-04,56.5,57.47999954223633,56.20000076293945,57.18000030517578,45.796810150146484,6748100
2015-12-07,57.900001525878906,57.9900016784668,55.7599983215332,56.27000045776367,45.0679817199707,7890900
2015-12-08,55.560001373291016,56.869998931884766,55.5099983215332,56.66999816894531,45.38833999633789,6896200
2015-12-09,56.279998779296875,57.439998626708984,55.720001220703125,56.029998779296875,44.875755310058594,6207900
2015-12-10,56.0,56.650001525878906,55.650001525878906,55.779998779296875,44.67551803588867,6736900
2015-12-11,55.779998779296875,55.779998779296875,53.849998474121094,54.040000915527344,43.28192138671875,9388600
2015-12-14,53.709999084472656,55.47999954223633,53.2400016784668,55.439998626708984,44.4032096862793,9419500
2015-12-15,56.150001525878906,57.0,55.90999984741211,56.38999938964844,45.16407775878906,6990000
2015-12-16,56.66999816894531,57.689998626708984,56.20000076293945,57.630001068115234,46.157230377197266,6282500
2015-12-17,57.65999984741211,57.93000030517578,56.349998474121094,56.380001068115234,45.15608215332031,7848900
2015-12-18,55.900001525878906,56.099998474121094,55.36000061035156,55.7400016784668,44.64348602294922,13807000
2015-12-21,56.0,56.2599983215332,55.70000076293945,56.20000076293945,45.01191329956055,4572100
2015-12-22,56.540000915527344,57.9900016784668,56.41999816894531,57.59000015258789,46.12519454956055,8390800
2015-12-23,57.880001068115234,58.61000061035156,57.61000061035156,58.58000183105469,46.91810989379883,6634400
2015-12-24,58.380001068115234,58.72999954223633,58.0,58.459999084472656,46.821998596191406,2152900
2015-12-28,58.27000045776367,58.970001220703125,57.7599983215332,58.75,47.05427169799805,5585800
2015-12-29,59.02000045776367,59.70000076293945,59.02000045776367,59.45000076293945,47.61491394042969,5073900
2015-12-30,59.400001525878906,60.119998931884766,59.310001373291016,59.79999923706055,47.895240783691406,5220300
2015-12-31,59.5,59.93000030517578,59.20000076293945,59.2400016784668,47.44672393798828,6104800
2016-01-04,58.060001373291016,58.31999969482422,56.400001525878906,57.61000061035156,46.14121627807617,10308400
2016-01-05,57.9900016784668,58.25,56.81999969482422,57.369998931884766,45.948997497558594,7179600
2016-01-06,56.369998931884766,57.560001373291016,56.18000030517578,57.380001068115234,45.956993103027344,8952700
2016-01-07,56.52000045776367,57.84000015258789,56.34000015258789,57.209999084472656,45.82084274291992,9292600
2016-01-08,57.54999923706055,57.810001373291016,55.47999954223633,55.650001525878906,44.5713996887207,7985200
2016-01-11,55.86000061035156,55.97999954223633,52.83000183105469,53.880001068115234,43.15377426147461,10483300
2016-01-12,54.470001220703125,54.970001220703125,53.56999969482422,54.84000015258789,43.922664642333984,6799600
2016-01-13,54.54999923706055,54.619998931884766,50.97999954223633,51.18000030517578,41.42181396484375,10432200
2016-01-14,51.31999969482422,56.83000183105469,50.709999084472656,54.560001373291016,44.1573600769043,16704900
2016-01-15,53.0099983215332,57.40999984741211,53.0099983215332,57.34000015258789,46.407318115234375,27008800
2016-01-19,57.529998779296875,57.72999954223633,54.22999954223633,54.9900016784668,44.50537872314453,13644500
2016-01-20,54.209999084472656,57.93000030517578,53.70000076293945,57.150001525878906,46.2535400390625,11993100
2016-01-21,57.290000915527344,58.77000045776367,56.91999816894531,58.36000061035156,47.23283386230469,12097000
2016-01-22,59.099998474121094,59.43000030517578,57.81999969482422,58.83000183105469,47.613224029541016,10383800
2016-01-25,59.029998779296875,59.810001373291016,58.18000030517578,58.650001525878906,47.4675407409668,9681900
2016-01-26,59.0099983215332,59.27000045776367,57.209999084472656,58.2599983215332,47.15190887451172,7421100
2016-01-27,58.36000061035156,58.93000030517578,56.45000076293945,57.11000061035156,46.221168518066406,9077700
2016-01-28,57.22999954223633,57.72999954223633,54.779998779296875,55.849998474121094,45.2014045715332,10521100
2016-01-29,53.41999816894531,55.310001373291016,53.41999816894531,54.900001525878906,44.43253707885742,17768700
2016-02-01,54.15999984741211,54.880001068115234,52.5099983215332,54.38999938964844,44.019775390625,11693300
2016-02-02,53.63999938964844,54.779998779296875,53.31999969482422,53.95000076293945,43.66366958618164,7918300
2016-02-03,54.529998779296875,57.18000030517578,54.04999923706055,56.84000015258789,46.00264358520508,16435700
2016-02-04,56.7400016784668,57.310001373291016,55.36000061035156,56.7599983215332,45.93790054321289,10351200
2016-02-05,56.25,56.34000015258789,52.619998931884766,53.119998931884766,42.991920471191406,13263200
2016-02-08,52.58000183105469,54.099998474121094,51.939998626708984,52.88999938964844,42.8057746887207,9369400
2016-02-09,52.310001373291016,53.939998626708984,52.060001373291016,53.47999954223633,43.28327941894531,7655800
2016-02-10,54.11000061035156,54.689998626708984,52.54999923706055,52.720001220703125,42.66817855834961,9302800
2016-02-11,52.29999923706055,53.119998931884766,51.81999969482422,52.18000030517578,42.23114013671875,8551100
2016-02-12,52.529998779296875,52.970001220703125,51.599998474121094,52.58000183105469,42.554874420166016,9976200
2016-02-16,53.439998626708984,53.869998931884766,52.72999954223633,53.5099983215332,43.307559967041016,8313000
2016-02-17,54.34000015258789,55.150001525878906,53.349998474121094,55.0099983215332,44.52155303955078,10005600
2016-02-18,55.529998779296875,55.529998779296875,54.16999816894531,54.54999923706055,44.14927291870117,6555000
2016-02-19,54.5,55.0,53.97999954223633,54.290000915527344,43.938846588134766,8532500
2016-02-22,54.290000915527344,55.31999969482422,53.7400016784668,55.279998779296875,44.740081787109375,9381800
2016-02-23,55.70000076293945,56.310001373291016,55.0,55.06999969482422,44.57012939453125,8629700
2016-02-24,54.65999984741211,55.06999969482422,54.0099983215332,54.88999938964844,44.424442291259766,6633800
2016-02-25,55.16999816894531,56.22999954223633,54.43000030517578,56.20000076293945,45.484676361083984,7076300
2016-02-26,56.2599983215332,56.790000915527344,55.79999923706055,56.0,45.322811126708984,5298000
2016-02-29,55.869998931884766,56.0,54.470001220703125,54.61000061035156,44.19783401489258,8395100
2016-03-01,54.779998779296875,56.34000015258789,54.2400016784668,56.34000015258789,45.59797286987305,7106000
2016-03-02,56.16999816894531,56.43000030517578,55.400001525878906,55.70000076293945,45.08000946044922,7054800
2016-03-03,55.689998626708984,56.09000015258789,55.150001525878906,55.93000030517578,45.26615905761719,9283900
2016-03-04,56.0,56.70000076293945,55.29999923706055,56.150001525878906,45.44420623779297,6439700
2016-03-07,55.70000076293945,56.5,54.83000183105469,56.400001525878906,45.64654541015625,7741800
2016-03-08,56.18000030517578,56.470001220703125,55.22999954223633,55.31999969482422,44.772464752197266,5303700
2016-03-09,55.5099983215332,56.650001525878906,55.040000915527344,56.38999938964844,45.63844680786133,8402500
2016-03-10,56.560001373291016,57.369998931884766,55.31999969482422,56.22999954223633,45.50895309448242,5627900
2016-03-11,56.400001525878906,57.869998931884766,56.349998474121094,57.72999954223633,46.722957611083984,6537400
2016-03-14,57.66999816894531,57.72999954223633,56.970001220703125,57.209999084472656,46.302101135253906,4650800
2016-03-15,56.650001525878906,56.93000030517578,55.130001068115234,55.619998931884766,45.01525115966797,5779600
2016-03-16,55.58000183105469,56.540000915527344,55.25,56.310001373291016,45.57369613647461,6245400
2016-03-17,56.459999084472656,56.459999084472656,54.40999984741211,55.31999969482422,44.772464752197266,8308800
2016-03-18,55.59000015258789,56.599998474121094,54.79999923706055,56.56999969482422,45.78413391113281,11029800
2016-03-21,56.52000045776367,56.779998779296875,55.72999954223633,56.0099983215332,45.330902099609375,6632900
2016-03-22,55.75,57.540000915527344,55.75,57.5,46.53680419921875,7661600
2016-03-23,57.15999984741211,57.5,56.220001220703125,56.36000061035156,45.61416244506836,5116400
2016-03-24,56.13999938964844,56.25,55.66999816894531,56.119998931884766,45.419925689697266,5278900
2016-03-28,56.349998474121094,56.70000076293945,55.79999923706055,56.11000061035156,45.41184616088867,3803100
2016-03-29,56.099998474121094,57.099998474121094,55.220001220703125,57.04999923706055,46.172607421875,4567900
2016-03-30,57.43000030517578,57.529998779296875,56.720001220703125,57.0,46.13214874267578,3650300
2016-03-31,57.02000045776367,57.459999084472656,56.81999969482422,57.119998931884766,46.2292594909668,4930300
2016-04-01,56.58000183105469,57.56999969482422,56.36000061035156,57.41999816894531,46.47206115722656,4525700
2016-04-04,57.63999938964844,59.400001525878906,57.4900016784668,59.209999084472656,47.920772552490234,8108100
2016-04-05,58.540000915527344,59.560001373291016,58.09000015258789,58.540000915527344,47.378517150878906,6779400
2016-04-06,58.52000045776367,59.900001525878906,58.52000045776367,59.88999938964844,48.47111892700195,6322800
2016-04-07,59.41999816894531,59.900001525878906,58.7599983215332,59.29999923706055,47.99361801147461,7827600
2016-04-08,59.4900016784668,59.79999923706055,58.16999816894531,58.470001220703125,47.321861267089844,5750000
2016-04-11,58.59000015258789,59.25,58.25,58.5,47.34614562988281,4894000
2016-04-12,58.97999954223633,60.04999923706055,58.689998626708984,59.88999938964844,48.47111892700195,7243700
2016-04-13,59.869998931884766,60.0,58.70000076293945,59.060001373291016,48.2586669921875,7023000
2016-04-14,59.150001525878906,59.4900016784668,59.0,59.279998779296875,48.43844223022461,5185600
2016-04-15,59.54999923706055,59.7400016784668,58.779998779296875,59.5099983215332,48.62636947631836,4660800
2016-04-18,59.5,60.31999969482422,59.29999923706055,59.880001068115234,48.92870330810547,6089400
2016-04-19,60.09000015258789,61.22999954223633,59.66999816894531,60.16999816894531,49.16566848754883,6149300
2016-04-20,60.16999816894531,61.11000061035156,59.959999084472656,60.47999954223633,49.41897201538086,4443600
2016-04-21,60.56999969482422,61.43000030517578,60.540000915527344,61.369998931884766,50.14619827270508,5702400
2016-04-22,61.29999923706055,61.9900016784668,60.959999084472656,61.41999816894531,50.18705368041992,5103000
2016-04-25,61.130001068115234,61.29999923706055,60.75,60.970001220703125,49.819366455078125,4320500
2016-04-26,60.959999084472656,61.290000915527344,60.529998779296875,60.93000030517578,49.78667068481445,4281700
2016-04-27,60.93000030517578,61.47999954223633,60.25,60.70000076293945,49.59873962402344,6679200
2016-04-28,58.560001373291016,62.099998474121094,57.529998779296875,61.20000076293945,50.007293701171875,16235400
2016-04-29,61.029998779296875,61.45000076293945,60.47999954223633,61.0,49.84387969970703,13052700
2016-05-02,60.790000915527344,62.0,60.70000076293945,61.439998626708984,50.20339584350586,9512000
2016-05-03,60.9900016784668,62.09000015258789,60.720001220703125,61.77000045776367,50.473045349121094,9316600
2016-05-04,61.29999923706055,61.650001525878906,61.0099983215332,61.459999084472656,50.21974182128906,8691400
2016-05-05,61.40999984741211,62.400001525878906,61.09000015258789,62.34000015258789,50.938804626464844,8646200
2016-05-06,62.0,62.75,61.650001525878906,62.5099983215332,51.07770919799805,10880700
2016-05-09,62.36000061035156,63.869998931884766,62.279998779296875,63.70000076293945,52.05006790161133,9917400
2016-05-10,63.5099983215332,63.7599983215332,63.31999969482422,63.7400016784668,52.082763671875,12103400
2016-05-11,63.77000045776367,63.83000183105469,62.63999938964844,62.70000076293945,51.23297119140625,9375200
2016-05-12,62.86000061035156,63.06999969482422,62.38999938964844,62.4900016784668,51.061370849609375,9589500
2016-05-13,62.150001525878906,62.86000061035156,61.81999969482422,62.0,50.660980224609375,7339600
2016-05-16,61.90999984741211,62.619998931884766,61.5,62.45000076293945,51.0286865234375,6707400
2016-05-17,62.439998626708984,62.790000915527344,58.5,60.25,49.23103332519531,31528900
2016-05-18,59.869998931884766,60.79999923706055,59.560001373291016,60.459999084472656,49.402626037597656,10622000
2016-05-19,60.060001373291016,60.349998474121094,58.900001525878906,59.279998779296875,48.43844223022461,9917900
2016-05-20,59.630001068115234,60.04999923706055,59.029998779296875,59.689998626708984,48.7734489440918,11259400
2016-05-23,59.75,59.84000015258789,59.130001068115234,59.29999923706055,48.45478439331055,6468900
2016-05-24,59.72999954223633,60.90999984741211,59.52000045776367,60.70000076293945,49.59873962402344,8888100
2016-05-25,61.08000183105469,61.470001220703125,60.790000915527344,61.220001220703125,50.02363204956055,5857600
2016-05-26,61.0,62.16999816894531,60.900001525878906,61.900001525878906,50.57927703857422,6537100
2016-05-27,61.9900016784668,63.20000076293945,61.900001525878906,62.709999084472656,51.24113464355469,5768000
2016-05-31,62.709999084472656,63.4900016784668,62.63999938964844,62.93000030517578,51.4208984375,7147900
2016-06-01,62.93000030517578,63.16999816894531,62.630001068115234,62.83000183105469,51.33918380737305,5284400
2016-06-02,62.869998931884766,65.1500015258789,62.83000183105469,65.08999633789062,53.18585968017578,11628000
2016-06-03,64.76000213623047,65.37000274658203,63.75,65.0,53.1123161315918,10621600
2016-06-06,62.130001068115234,62.9900016784668,61.869998931884766,62.81999969482422,51.33100891113281,16403400
2016-06-07,62.59000015258789,63.59000015258789,62.29999923706055,63.099998474121094,51.559810638427734,10980100
2016-06-08,62.209999084472656,62.29999923706055,61.369998931884766,61.72999954223633,50.44036102294922,13173000
2016-06-09,61.5,62.16999816894531,60.52000045776367,60.75,49.63959503173828,11503700
2016-06-10,59.9900016784668,61.0099983215332,59.720001220703125,61.0,49.84387969970703,11052300
2016-06-13,60.459999084472656,61.38999938964844,59.849998474121094,59.93000030517578,48.96956253051758,11673600
2016-06-14,59.459999084472656,60.380001068115234,59.15999984741211,59.900001525878906,48.94504928588867,11560200
2016-06-15,60.290000915527344,61.27000045776367,60.0099983215332,60.400001525878906,49.353599548339844,7739300
2016-06-16,59.93000030517578,60.939998626708984,59.90999984741211,60.900001525878906,49.76216125488281,7011200
2016-06-17,60.880001068115234,60.970001220703125,59.56999969482422,60.0099983215332,49.03492736816406,12574700
2016-06-20,60.63999938964844,61.18000030517578,60.060001373291016,60.11000061035156,49.116641998291016,7076500
2016-06-21,60.20000076293945,60.400001525878906,59.75,59.97999954223633,49.010414123535156,6366500
2016-06-22,60.0,61.18000030517578,59.91999816894531,60.38999938964844,49.345428466796875,6718600
2016-06-23,60.86000061035156,61.31999969482422,60.619998931884766,61.310001373291016,50.097171783447266,5328200
2016-06-24,59.2599983215332,60.599998474121094,59.18000030517578,59.86000061035156,48.91236114501953,9878500
2016-06-27,59.380001068115234,59.68000030517578,58.33000183105469,58.68000030517578,47.94817352294922,7945500
2016-06-28,59.279998779296875,60.130001068115234,59.150001525878906,59.9900016784668,49.018585205078125,9897600
2016-06-29,60.58000183105469,62.029998779296875,60.22999954223633,61.810001373291016,50.5057258605957,9308000
2016-06-30,61.790000915527344,62.02000045776367,61.13999938964844,61.90999984741211,50.587440490722656,7920600
2016-07-01,61.97999954223633,63.220001220703125,61.83000183105469,62.709999084472656,51.24113464355469,6533700
2016-07-05,62.5,62.709999084472656,61.77000045776367,61.91999816894531,50.59561538696289,6293600
2016-07-06,61.84000015258789,63.7599983215332,61.79999923706055,63.369998931884766,51.780426025390625,9202200
2016-07-07,63.599998474121094,63.75,63.209999084472656,63.43000030517578,51.8294563293457,7081900
2016-07-08,63.47999954223633,64.4800033569336,62.7400016784668,64.16000366210938,52.42594528198242,7921700
2016-07-11,64.25,64.98999786376953,64.06999969482422,64.3499984741211,52.58120346069336,9641500
2016-07-12,64.66999816894531,65.80999755859375,64.31999969482422,65.5,53.5208740234375,11870500
2016-07-13,64.80999755859375,65.04000091552734,64.25,64.7699966430664,53.38897705078125,7684200
2016-07-14,63.70000076293945,64.13999938964844,62.939998626708984,63.619998931884766,52.44106674194336,12090100
2016-07-15,63.81999969482422,64.16999816894531,63.130001068115234,63.31999969482422,52.19377517700195,8827500
2016-07-18,63.22999954223633,63.77000045776367,63.18000030517578,63.560001373291016,52.391605377197266,6384800
2016-07-19,63.40999984741211,63.970001220703125,63.09000015258789,63.31999969482422,52.19377517700195,5794500
2016-07-20,63.56999969482422,63.900001525878906,63.33000183105469,63.40999984741211,52.26796340942383,7502800
2016-07-21,63.22999954223633,64.0,63.16999816894531,63.88999938964844,52.66361618041992,6145500
2016-07-22,64.0,64.08999633789062,63.58000183105469,63.810001373291016,52.59768295288086,4972900
2016-07-25,63.90999984741211,64.5,63.709999084472656,64.31999969482422,53.018062591552734,7241200
2016-07-26,64.41000366210938,64.7300033569336,63.959999084472656,64.44999694824219,53.12521743774414,4885200
2016-07-27,64.41999816894531,65.11000061035156,64.31999969482422,64.9000015258789,53.496150970458984,6220400
2016-07-28,64.79000091552734,65.05999755859375,63.93000030517578,64.72000122070312,53.3477783203125,6556100
2016-07-29,65.2699966430664,66.4000015258789,65.1500015258789,66.2300033569336,54.59245300292969,10525000
2016-08-01,66.2300033569336,67.08000183105469,66.2300033569336,66.94000244140625,55.17769241333008,7599000
2016-08-02,66.93000030517578,67.05999755859375,66.05000305175781,66.77999877929688,55.045806884765625,8763200
2016-08-03,66.80999755859375,67.0,66.22000122070312,66.56999969482422,54.87270736694336,6355100
2016-08-04,66.58000183105469,66.9800033569336,66.08000183105469,66.0999984741211,54.48529815673828,4901900
2016-08-05,66.1500015258789,66.5999984741211,66.12000274658203,66.54000091552734,54.84797286987305,5045600
2016-08-08,66.37999725341797,66.66999816894531,65.75,66.33999633789062,54.6831169128418,5309300
2016-08-09,66.33999633789062,67.25,66.25,66.76000213623047,55.029319763183594,5717300
2016-08-10,66.69999694824219,66.95999908447266,66.19000244140625,66.43000030517578,54.75730895996094,4506100
2016-08-11,66.86000061035156,67.11000061035156,66.69999694824219,66.94999694824219,55.18593978881836,4246600
2016-08-12,66.86000061035156,67.38999938964844,66.55000305175781,67.19000244140625,55.383758544921875,5215400
2016-08-15,67.47000122070312,68.12000274658203,67.31999969482422,67.38999938964844,55.54861831665039,5215400
2016-08-16,67.12999725341797,67.61000061035156,66.5,66.73999786376953,55.01283264160156,7147600
2016-08-17,66.69000244140625,67.3499984741211,66.3499984741211,66.83000183105469,55.08702087402344,7945400
2016-08-18,66.56999969482422,67.43000030517578,66.55000305175781,66.7699966430664,55.03755569458008,8205800
2016-08-19,66.56999969482422,67.18000030517578,66.51000213623047,67.0999984741211,55.30958557128906,6709400
2016-08-22,67.30999755859375,67.79000091552734,66.91999816894531,67.01000213623047,55.235382080078125,7884800
2016-08-23,67.26000213623047,67.48999786376953,65.98999786376953,66.16999816894531,54.54299545288086,10227800
2016-08-24,66.30999755859375,66.52999877929688,64.83999633789062,65.05999755859375,53.62803268432617,8551100
2016-08-25,65.04000091552734,65.43000030517578,64.2699966430664,64.72000122070312,53.3477783203125,6379000
2016-08-26,64.68000030517578,65.0199966430664,64.20999908447266,64.61000061035156,53.25710678100586,7041600
2016-08-29,64.83999633789062,65.08999633789062,64.19000244140625,64.51000213623047,53.1746826171875,5099200
2016-08-30,64.54000091552734,64.70999908447266,64.11000061035156,64.16000366210938,52.886173248291016,5531800
2016-08-31,64.20999908447266,64.44999694824219,63.5,64.0999984741211,52.836708068847656,6750000
2016-09-01,64.0999984741211,64.13999938964844,63.61000061035156,64.02999877929688,52.779022216796875,5126700
2016-09-02,64.37000274658203,64.4800033569336,63.869998931884766,64.12000274658203,52.853206634521484,4100800
2016-09-06,64.69999694824219,64.9000015258789,64.05000305175781,64.61000061035156,53.25710678100586,6286300
2016-09-07,64.37000274658203,65.13999938964844,64.29000091552734,64.97000122070312,53.55384063720703,5714300
2016-09-08,63.959999084472656,64.1500015258789,63.439998626708984,64.05999755859375,52.80374526977539,8238800
2016-09-09,63.220001220703125,64.0,63.060001373291016,63.36000061035156,52.226749420166016,8848500
2016-09-12,62.97999954223633,64.2300033569336,62.65999984741211,64.08000183105469,52.82023620605469,6653000
2016-09-13,63.65999984741211,64.1500015258789,63.0099983215332,63.34000015258789,52.210262298583984,7640400
2016-09-14,63.40999984741211,63.959999084472656,63.060001373291016,63.34000015258789,52.210262298583984,5890000
2016-09-15,63.16999816894531,63.81999969482422,62.91999816894531,63.349998474121094,52.218505859375,7806800
2016-09-16,63.529998779296875,63.790000915527344,63.16999816894531,63.27000045776367,52.152565002441406,11165300
2016-09-19,63.619998931884766,63.709999084472656,62.83000183105469,62.90999984741211,51.8558235168457,7903500
2016-09-20,63.36000061035156,63.54999923706055,62.7599983215332,63.279998779296875,52.16080856323242,4826500
2016-09-21,63.4900016784668,64.25,63.20000076293945,64.0999984741211,52.836708068847656,7587400
2016-09-22,64.12000274658203,65.19999694824219,64.08000183105469,65.08000183105469,53.6445198059082,5416100
2016-09-23,65.05000305175781,65.33000183105469,64.75,64.9800033569336,53.56208801269531,5154200
2016-09-26,64.5199966430664,64.87999725341797,64.0199966430664,64.06999969482422,52.8120002746582,5567700
2016-09-27,63.95000076293945,64.75,63.689998626708984,64.56999969482422,53.2241325378418,4358300
2016-09-28,64.94000244140625,64.94000244140625,63.88999938964844,64.22000122070312,52.93564224243164,5645600
2016-09-29,64.30000305175781,64.30999755859375,62.79999923706055,62.81999969482422,51.7816276550293,6431200
2016-09-30,62.66999816894531,63.2599983215332,62.45000076293945,63.06999969482422,51.987709045410156,7325400
2016-10-03,63.02000045776367,63.290000915527344,62.25,63.22999954223633,52.11958694458008,4239600
2016-10-04,63.310001373291016,63.529998779296875,62.54999923706055,63.0,51.93000793457031,4719400
2016-10-05,63.08000183105469,63.75,63.0,63.38999938964844,52.25148010253906,4442500
2016-10-06,63.15999984741211,63.209999084472656,62.560001373291016,62.83000183105469,51.78987121582031,4446100
2016-10-07,63.099998474121094,63.58000183105469,62.5,62.93000030517578,51.87229919433594,3812700
2016-10-10,63.06999969482422,63.65999984741211,62.91999816894531,63.310001373291016,52.1855354309082,3135300
2016-10-11,63.08000183105469,63.2599983215332,62.04999923706055,62.38999938964844,51.42719650268555,5308400
2016-10-12,62.0,62.22999954223633,61.02000045776367,61.209999084472656,50.91973876953125,4563800
2016-10-13,60.959999084472656,61.61000061035156,60.68000030517578,61.150001525878906,50.86983871459961,5988600
2016-10-14,61.45000076293945,61.52000045776367,60.150001525878906,60.16999816894531,50.05458068847656,5606500
2016-10-17,60.099998474121094,60.709999084472656,59.86000061035156,60.13999938964844,50.02961730957031,6138700
2016-10-18,60.619998931884766,61.619998931884766,60.400001525878906,61.54999923706055,51.20258331298828,6655100
2016-10-19,62.040000915527344,62.15999984741211,61.16999816894531,61.43000030517578,51.10275650024414,5588900
2016-10-20,61.45000076293945,61.97999954223633,61.33000183105469,61.7599983215332,51.37727355957031,4391300
2016-10-21,61.380001068115234,61.439998626708984,60.650001525878906,60.97999954223633,50.72840881347656,4341700
2016-10-24,61.130001068115234,61.68000030517578,61.02000045776367,61.119998931884766,50.84486770629883,3934800
2016-10-25,61.060001373291016,61.65999984741211,60.95000076293945,61.54999923706055,51.20258331298828,6432800
2016-10-26,61.5099983215332,61.709999084472656,60.709999084472656,61.02000045776367,50.761680603027344,4560800
2016-10-27,61.45000076293945,61.720001220703125,60.599998474121094,61.459999084472656,51.12771224975586,6612500
2016-10-28,57.54999923706055,58.38999938964844,55.060001373291016,57.599998474121094,47.9166259765625,24865300
2016-10-31,57.060001373291016,57.29999923706055,55.720001220703125,55.779998779296875,46.40260314941406,14185800
2016-11-01,56.0,56.61000061035156,55.68000030517578,56.45000076293945,46.959964752197266,9799400
2016-11-02,56.459999084472656,57.189998626708984,56.400001525878906,56.790000915527344,47.2428092956543,9746200
2016-11-03,57.119998931884766,57.290000915527344,55.849998474121094,55.88999938964844,46.494110107421875,9842600
2016-11-04,56.06999969482422,56.869998931884766,55.869998931884766,56.040000915527344,46.61888885498047,11187000
2016-11-07,56.810001373291016,61.15999984741211,56.63999938964844,58.90999984741211,49.00639724731445,17763100
2016-11-08,58.79999923706055,59.61000061035156,58.029998779296875,58.810001373291016,48.9232177734375,9353200
2016-11-09,64.0999984741211,64.69000244140625,60.40999984741211,62.63999938964844,52.10933303833008,18694000
2016-11-10,63.060001373291016,65.05000305175781,62.790000915527344,64.0,53.24070739746094,15948700
2016-11-11,63.540000915527344,63.849998474121094,62.790000915527344,63.099998474121094,52.49200439453125,10201600
2016-11-14,63.400001525878906,63.63999938964844,62.25,62.970001220703125,52.38386154174805,8315700
2016-11-15,63.38999938964844,63.38999938964844,61.97999954223633,62.869998931884766,52.3006706237793,5610300
2016-11-16,62.66999816894531,62.970001220703125,61.41999816894531,61.540000915527344,51.19426345825195,6571200
2016-11-17,61.75,61.9900016784668,61.130001068115234,61.70000076293945,51.32736587524414,4879500
2016-11-18,61.650001525878906,62.13999938964844,60.38999938964844,60.52000045776367,50.34572982788086,7023200
2016-11-21,60.70000076293945,60.79999923706055,60.20000076293945,60.41999816894531,50.262550354003906,6328300
2016-11-22,60.4900016784668,60.560001373291016,58.61000061035156,58.93000030517578,49.02304458618164,8518600
2016-11-23,58.810001373291016,60.380001068115234,58.599998474121094,60.18000030517578,50.06289291381836,5546600
2016-11-25,60.040000915527344,60.66999816894531,59.66999816894531,60.5099983215332,50.33741760253906,2941600
2016-11-28,59.130001068115234,59.939998626708984,59.0099983215332,59.459999084472656,49.46393585205078,6274600
2016-11-29,59.70000076293945,62.099998474121094,59.52000045776367,61.59000015258789,51.2358512878418,11858800
2016-11-30,61.630001068115234,61.84000015258789,60.630001068115234,60.79999923706055,50.57866668701172,9025200
2016-12-01,60.83000183105469,60.83000183105469,58.75,59.15999984741211,49.214378356933594,8266200
2016-12-02,59.189998626708984,60.0,58.95000076293945,59.43000030517578,49.438987731933594,8020700
2016-12-05,59.599998474121094,61.220001220703125,59.56999969482422,60.86000061035156,50.628570556640625,10227700
2016-12-06,60.7599983215332,61.720001220703125,60.33000183105469,61.619998931884766,51.26081848144531,7610400
2016-12-07,60.2599983215332,60.650001525878906,58.79999923706055,59.9900016784668,49.904842376708984,13095600
2016-12-08,60.02000045776367,60.97999954223633,59.09000015258789,60.900001525878906,50.6618537902832,9192300
2016-12-09,61.189998626708984,61.93000030517578,60.91999816894531,61.540000915527344,51.19426345825195,7102900
2016-12-12,61.529998779296875,62.45000076293945,61.5099983215332,62.040000915527344,51.610206604003906,5984500
2016-12-13,62.33000183105469,62.439998626708984,61.36000061035156,61.9900016784668,51.5686149597168,8599600
2016-12-14,61.54999923706055,62.29999923706055,61.5099983215332,61.66999816894531,51.30241012573242,5115700
2016-12-15,61.79999923706055,62.11000061035156,61.54999923706055,62.02000045776367,51.593570709228516,6416900
2016-12-16,62.119998931884766,62.4900016784668,61.83000183105469,62.220001220703125,51.75994110107422,10555800
2016-12-19,62.369998931884766,63.33000183105469,62.119998931884766,62.220001220703125,51.75994110107422,5976800
2016-12-20,62.34000015258789,62.709999084472656,61.75,62.15999984741211,51.71003341674805,5751800
2016-12-21,62.22999954223633,62.40999984741211,61.43000030517578,61.45000076293945,51.1193962097168,5498700
2016-12-22,61.58000183105469,61.91999816894531,61.349998474121094,61.65999984741211,51.29408645629883,5626000
2016-12-23,61.779998779296875,62.400001525878906,61.470001220703125,62.34000015258789,51.85977554321289,4795900
2016-12-27,62.52000045776367,63.02000045776367,62.40999984741211,62.5,51.99287033081055,5396200
2016-12-28,62.5099983215332,62.75,62.25,62.27000045776367,51.801536560058594,5190400
2016-12-29,62.38999938964844,63.060001373291016,62.38999938964844,62.72999954223633,52.184207916259766,4990000
2016-12-30,62.72999954223633,62.93000030517578,62.40999984741211,62.619998931884766,52.09269332885742,5999200
2017-01-03,62.91999816894531,63.029998779296875,61.939998626708984,62.40999984741211,51.91799545288086,9328200
2017-01-04,62.63999938964844,63.79999923706055,62.63999938964844,63.290000915527344,52.650062561035156,8674800
2017-01-05,63.380001068115234,63.95000076293945,63.029998779296875,63.77000045776367,53.04936981201172,5359400
2017-01-06,63.880001068115234,64.0,63.52000045776367,63.790000915527344,53.066009521484375,4722300
2017-01-09,63.79999923706055,64.37999725341797,63.75,64.20999908447266,53.41539764404297,8794500
2017-01-10,64.05000305175781,64.5,63.77000045776367,64.06999969482422,53.29893493652344,6523500
2017-01-11,63.380001068115234,63.650001525878906,60.59000015258789,61.13999938964844,51.374691009521484,13565200
2017-01-12,60.77000045776367,61.43000030517578,60.41999816894531,61.279998779296875,51.492332458496094,8194400
2017-01-13,61.349998474121094,62.40999984741211,61.04999923706055,61.9900016784668,52.08893585205078,7295100
2017-01-17,61.75,62.040000915527344,61.099998474121094,61.86000061035156,51.97969436645508,8446700
2017-01-18,61.7599983215332,62.13999938964844,61.31999969482422,61.65999984741211,51.81163787841797,5519400
2017-01-19,61.45000076293945,61.880001068115234,61.119998931884766,61.380001068115234,51.576358795166016,5384200
2017-01-20,61.40999984741211,61.77000045776367,61.08000183105469,61.150001525878906,51.38310241699219,6730000
2017-01-23,61.02000045776367,61.2599983215332,60.68000030517578,60.959999084472656,51.22343444824219,5244700
2017-01-24,60.90999984741211,60.93000030517578,59.66999816894531,60.58000183105469,50.90414047241211,6642000
2017-01-25,60.599998474121094,61.630001068115234,60.34000015258789,61.380001068115234,51.576358795166016,8052800
2017-01-26,61.15999984741211,61.900001525878906,61.06999969482422,61.27000045776367,51.48393630981445,7765300
2017-01-27,60.0,61.25,59.52000045776367,60.0,50.416778564453125,14151200
2017-01-30,59.90999984741211,60.470001220703125,59.27000045776367,60.43000030517578,50.77809524536133,7792700
2017-01-31,60.0099983215332,61.31999969482422,59.75,61.11000061035156,51.3494873046875,8149800
2017-02-01,61.06999969482422,61.099998474121094,60.27000045776367,60.88999938964844,51.16462707519531,5888700
2017-02-02,60.650001525878906,61.119998931884766,60.47999954223633,60.88999938964844,51.16462707519531,5365300
2017-02-03,60.900001525878906,61.060001373291016,60.439998626708984,60.66999816894531,50.97975540161133,6470300
2017-02-06,60.5099983215332,60.970001220703125,60.349998474121094,60.650001525878906,50.96295166015625,5358100
2017-02-07,60.650001525878906,60.869998931884766,60.400001525878906,60.560001373291016,50.88733673095703,4210300
2017-02-08,60.13999938964844,61.02000045776367,60.04999923706055,60.52000045776367,50.85371780395508,5357800
2017-02-09,60.52000045776367,61.0,60.41999816894531,60.84000015258789,51.122615814208984,4324600
2017-02-10,60.849998474121094,61.0,60.27000045776367,60.41999816894531,50.76969909667969,5749200
2017-02-13,60.58000183105469,60.86000061035156,60.43000030517578,60.5099983215332,50.84531784057617,6396000
2017-02-14,60.439998626708984,60.97999954223633,60.150001525878906,60.81999969482422,51.105804443359375,13562200
2017-02-15,60.91999816894531,61.84000015258789,60.400001525878906,61.650001525878906,51.8032341003418,8927600
2017-02-16,61.66999816894531,61.90999984741211,60.810001373291016,61.47999954223633,51.6603889465332,5662000
2017-02-17,61.540000915527344,62.08000183105469,61.16999816894531,61.77000045776367,51.90407180786133,8124400
2017-02-21,61.84000015258789,62.11000061035156,61.5,61.83000183105469,51.954490661621094,8503500
2017-02-22,61.720001220703125,61.95000076293945,61.29999923706055,61.36000061035156,51.55955123901367,6422200
2017-02-23,61.68000030517578,62.2400016784668,61.45000076293945,61.939998626708984,52.04692077636719,8057700
2017-02-24,61.91999816894531,62.22999954223633,61.4900016784668,62.09000015258789,52.17295837402344,6536400
2017-02-27,62.02000045776367,62.369998931884766,61.68000030517578,62.220001220703125,52.28219223022461,5214100
2017-02-28,62.11000061035156,62.400001525878906,61.689998626708984,61.84000015258789,51.962894439697266,6756100
2017-03-01,62.15999984741211,62.93000030517578,61.95000076293945,62.83000183105469,52.79476547241211,7737400
2017-03-02,62.779998779296875,63.599998474121094,62.599998474121094,63.25,53.147682189941406,8190000
2017-03-03,63.11000061035156,63.529998779296875,62.83000183105469,63.34000015258789,53.223304748535156,6125800
2017-03-06,63.0,63.849998474121094,62.880001068115234,63.54999923706055,53.39977264404297,6837000
2017-03-07,63.13999938964844,64.13999938964844,62.970001220703125,63.689998626708984,53.51740646362305,9638000
2017-03-08,63.75,64.68000030517578,63.5,64.13999938964844,53.89552688598633,7049700
2017-03-09,64.13999938964844,64.72000122070312,64.05000305175781,64.5,54.198028564453125,6957000
2017-03-10,65.30000305175781,66.44999694824219,65.11000061035156,65.87999725341797,55.35762405395508,12788100
2017-03-13,65.87000274658203,65.94000244140625,65.30000305175781,65.8499984741211,55.33241271972656,7577400
2017-03-14,65.87999725341797,66.05000305175781,65.5999984741211,65.66999816894531,55.18116760253906,3727200
2017-03-15,65.69999694824219,66.79000091552734,65.68000030517578,66.55000305175781,55.92060852050781,5241200
2017-03-16,66.4000015258789,66.44999694824219,65.55000305175781,65.9000015258789,55.374427795410156,5162800
2017-03-17,66.04000091552734,66.08999633789062,65.5,65.69000244140625,55.19797134399414,11288000
2017-03-20,65.77999877929688,66.01000213623047,65.55999755859375,65.80000305175781,55.290401458740234,4252100
2017-03-21,65.95999908447266,66.0,65.04000091552734,65.3499984741211,54.912269592285156,5187400
2017-03-22,65.37999725341797,65.7300033569336,65.0999984741211,65.5199966430664,55.055118560791016,5662600
2017-03-23,65.5199966430664,66.06999969482422,65.36000061035156,65.6500015258789,55.16435241699219,4099500
2017-03-24,65.51000213623047,66.11000061035156,65.31999969482422,65.62000274658203,55.139156341552734,4056300
2017-03-27,65.37000274658203,66.27999877929688,65.23999786376953,66.0999984741211,55.542484283447266,4962300
2017-03-28,65.95999908447266,66.20999908447266,65.63999938964844,65.9800033569336,55.441650390625,5067400
2017-03-29,65.94999694824219,66.2699966430664,65.68000030517578,65.7699966430664,55.26517868041992,3649900
2017-03-30,65.76000213623047,65.81999969482422,65.25,65.45999908447266,55.00471115112305,3749600
2017-03-31,65.45999908447266,65.5199966430664,65.1500015258789,65.16000366210938,54.75261688232422,4057800
2017-04-03,65.23999786376953,65.58999633789062,64.87999725341797,65.02999877929688,54.64337921142578,5229600
2017-04-04,65.12000274658203,65.30000305175781,64.83000183105469,65.11000061035156,54.710609436035156,3457900
2017-04-05,65.2300033569336,65.76000213623047,64.86000061035156,64.95999908447266,54.584564208984375,4396300
2017-04-06,65.02999877929688,65.19000244140625,64.6500015258789,65.08000183105469,54.68539810180664,4628400
2017-04-07,65.05999755859375,65.93000030517578,64.83000183105469,65.54000091552734,55.07192611694336,6089300
2017-04-10,65.5,65.77999877929688,64.91000366210938,64.97000122070312,54.59296417236328,7136200
2017-04-11,64.43000030517578,64.43000030517578,63.31999969482422,64.18000030517578,54.46567153930664,5404500
2017-04-12,64.16999816894531,64.41000366210938,63.66999816894531,64.37000274658203,54.626914978027344,6122000
2017-04-13,64.23999786376953,64.72000122070312,64.08000183105469,64.12999725341797,54.42323684692383,3896700
2017-04-17,64.79000091552734,64.97000122070312,64.05999755859375,64.30999755859375,54.575992584228516,4189500
2017-04-18,64.02999877929688,64.08000183105469,63.119998931884766,63.650001525878906,54.01589584350586,4755800
2017-04-19,63.900001525878906,63.93000030517578,63.310001373291016,63.45000076293945,53.84615707397461,4057100
2017-04-20,63.720001220703125,64.0,63.290000915527344,63.779998779296875,54.1262092590332,5708600
2017-04-21,63.7599983215332,64.29000091552734,63.54999923706055,63.81999969482422,54.16015625,4154900
2017-04-24,64.4000015258789,65.16000366210938,64.26000213623047,64.66000366210938,54.87301254272461,7121000
2017-04-25,64.94000244140625,65.62999725341797,64.81999969482422,65.0999984741211,55.24641036987305,5352900
2017-04-26,65.19000244140625,65.91999816894531,65.0199966430664,65.04000091552734,55.19549560546875,5008900
2017-04-27,65.44999694824219,67.5,65.12000274658203,66.06999969482422,56.06959533691406,11692900
2017-04-28,66.05999755859375,66.31999969482422,65.44000244140625,65.94000244140625,55.95927047729492,5521100
2017-05-01,66.0,66.66999816894531,65.94000244140625,66.4800033569336,56.417545318603516,4575800
2017-05-02,66.51000213623047,66.68000030517578,66.18000030517578,66.62999725341797,56.544837951660156,4342800
2017-05-03,66.44999694824219,66.87999725341797,66.20999908447266,66.73999786376953,56.63818359375,4993400
2017-05-04,66.73999786376953,67.4000015258789,66.62000274658203,67.2300033569336,57.05401611328125,4287400
2017-05-05,67.19000244140625,67.22000122070312,66.31999969482422,66.98999786376953,56.850337982177734,4587800
2017-05-08,66.94000244140625,66.94999694824219,66.13999938964844,66.20999908447266,56.18840789794922,4497400
2017-05-09,66.19999694824219,66.94999694824219,65.86000061035156,66.16999816894531,56.15446090698242,4395200
2017-05-10,66.16000366210938,66.2300033569336,65.36000061035156,65.9800033569336,55.99322509765625,5140200
2017-05-11,65.9000015258789,65.95999908447266,64.66000366210938,65.30000305175781,55.41614532470703,7853800
2017-05-12,65.2699966430664,66.19000244140625,65.20999908447266,66.05999755859375,56.06111526489258,6093500
2017-05-15,66.06999969482422,66.8499984741211,65.94999694824219,66.66999816894531,56.57878112792969,8527900
2017-05-16,66.7300033569336,66.91999816894531,66.33000183105469,66.8499984741211,56.731536865234375,6313500
2017-05-17,66.8499984741211,66.8499984741211,64.61000061035156,65.37000274658203,55.475555419921875,12771400
2017-05-18,65.37000274658203,66.0999984741211,65.19999694824219,65.62999725341797,55.696197509765625,6001000
2017-05-19,65.73999786376953,66.01000213623047,65.30999755859375,65.58000183105469,55.65376281738281,6731800
2017-05-22,65.55000305175781,65.62000274658203,64.80000305175781,65.44000244140625,55.53496170043945,5541700
2017-05-23,65.44000244140625,66.26000213623047,65.43000030517578,65.83999633789062,55.8744010925293,4676500
2017-05-24,65.79000091552734,66.12000274658203,65.56999969482422,65.93000030517578,55.95079040527344,3174600
2017-05-25,66.05999755859375,66.56999969482422,65.80000305175781,66.31999969482422,56.28175354003906,4058300
2017-05-26,66.13999938964844,66.41000366210938,65.8499984741211,66.05999755859375,56.06111526489258,4083000
2017-05-30,65.88999938964844,66.19999694824219,65.80999755859375,66.0199966430664,56.02715301513672,4803900
2017-05-31,66.23999786376953,66.41000366210938,65.61000061035156,66.0199966430664,56.02715301513672,6935800
2017-06-01,66.26000213623047,66.72000122070312,66.12000274658203,66.70999908447266,56.61271667480469,4554700
2017-06-02,66.80999755859375,67.30999755859375,66.62000274658203,67.25,57.07099533081055,5646000
2017-06-05,67.25,67.86000061035156,66.87999725341797,67.51000213623047,57.29164123535156,4918100
2017-06-06,67.4800033569336,68.0999984741211,67.37000274658203,67.87000274658203,57.59714889526367,5494500
2017-06-07,68.01000213623047,69.31999969482422,68.01000213623047,68.75,58.34395217895508,8406300
2017-06-08,68.75,69.05000305175781,68.33000183105469,68.76000213623047,58.35244369506836,6082500
2017-06-09,68.80000305175781,69.83000183105469,68.72000122070312,69.66999816894531,59.12469482421875,6159800
2017-06-12,69.79000091552734,69.9000015258789,69.25,69.52999877929688,59.00588607788086,6084300
2017-06-13,69.62000274658203,70.02999877929688,69.41999816894531,69.66999816894531,59.12469482421875,5269000
2017-06-14,69.4800033569336,70.79000091552734,69.37000274658203,70.5199966430664,59.846038818359375,6639100
2017-06-15,70.33999633789062,70.6500015258789,69.87999725341797,70.5999984741211,59.9139289855957,4682700
2017-06-16,70.80000305175781,71.12000274658203,70.48999786376953,71.05000305175781,60.29582214355469,9342300
2017-06-19,71.11000061035156,71.58999633789062,70.94000244140625,71.33999633789062,60.54191589355469,6396300
2017-06-20,71.44000244140625,71.80999755859375,71.16000366210938,71.22000122070312,60.44009017944336,6542800
2017-06-21,71.11000061035156,71.69999694824219,71.05000305175781,71.33999633789062,60.54191589355469,6096800
2017-06-22,71.48999786376953,73.66999816894531,71.41000366210938,73.18000030517578,62.103416442871094,9998900
2017-06-23,73.19999694824219,73.48999786376953,72.26000213623047,72.63999938964844,61.64514923095703,7064500
2017-06-26,72.79000091552734,72.94000244140625,72.41000366210938,72.73999786376953,61.730018615722656,4019500
2017-06-27,72.69999694824219,73.05999755859375,72.25,72.38999938964844,61.43300247192383,4490600
2017-06-28,72.72000122070312,73.54000091552734,72.58000183105469,72.91999816894531,61.88276672363281,4196200
2017-06-29,73.1500015258789,73.16999816894531,71.91000366210938,72.4800033569336,61.50939178466797,4444700
2017-06-30,72.56999969482422,72.81999969482422,72.20999908447266,72.51000213623047,61.53483581542969,4729100
2017-07-03,72.76000213623047,72.98999786376953,72.37000274658203,72.41999816894531,61.458457946777344,2570700
2017-07-05,72.4800033569336,72.73999786376953,71.98999786376953,72.4800033569336,61.50939178466797,4751900
2017-07-06,72.23999786376953,72.44999694824219,71.41000366210938,71.7300033569336,60.87290573120117,4372100
2017-07-07,72.11000061035156,72.11000061035156,71.62999725341797,72.02999877929688,61.12748336791992,4333700
2017-07-10,71.80000305175781,72.22000122070312,71.58000183105469,71.83000183105469,60.957763671875,3158300
2017-07-11,71.88999938964844,72.16999816894531,71.33000183105469,71.83999633789062,60.96623611450195,3535100
2017-07-12,71.51000213623047,72.12999725341797,71.30000305175781,71.87999725341797,61.54850769042969,4860200
2017-07-13,71.94000244140625,72.9000015258789,71.66999816894531,72.62999725341797,62.19070816040039,5189800
2017-07-14,72.62000274658203,73.2300033569336,72.51000213623047,73.11000061035156,62.601715087890625,4335700
2017-07-17,73.0999984741211,73.47000122070312,72.69000244140625,72.69999694824219,62.25064468383789,3461600
2017-07-18,72.62999725341797,72.86000061035156,71.75,72.2300033569336,61.848209381103516,5269100
2017-07-19,72.4800033569336,72.7699966430664,72.0199966430664,72.7699966430664,62.310585021972656,3904100
2017-07-20,72.98999786376953,74.22000122070312,72.94000244140625,74.01000213623047,63.372371673583984,5329700
2017-07-21,73.9800033569336,75.04000091552734,73.8499984741211,74.62999725341797,63.90323257446289,4961500
2017-07-24,74.62999725341797,74.75,73.83999633789062,73.91000366210938,63.2867317199707,5497800
2017-07-25,74.4000015258789,74.55000305175781,72.47000122070312,72.5199966430664,62.096519470214844,6354200
2017-07-26,72.37000274658203,72.69000244140625,71.94999694824219,72.58999633789062,62.156455993652344,4877000
2017-07-27,72.77999877929688,72.80000305175781,70.87999725341797,71.7300033569336,61.42007827758789,7389300
2017-07-28,71.63999938964844,72.44000244140625,69.37999725341797,70.44000244140625,60.315486907958984,8012400
2017-07-31,70.5199966430664,70.58000183105469,69.83000183105469,69.91000366210938,59.86164855957031,7770400
2017-08-01,70.02999877929688,70.83999633789062,69.8499984741211,70.37999725341797,60.26410675048828,6681700
2017-08-02,70.25,70.73999786376953,69.93000030517578,70.70999908447266,60.54667282104492,4922200
2017-08-03,70.61000061035156,71.01000213623047,70.36000061035156,70.98999786376953,60.78643035888672,4400400
2017-08-04,71.16999816894531,71.37000274658203,70.3499984741211,70.98999786376953,60.78643035888672,4732500
2017-08-07,70.94000244140625,71.2300033569336,70.63999938964844,71.22000122070312,60.98337173461914,3551100
2017-08-08,71.33000183105469,71.91000366210938,71.01000213623047,71.47000122070312,61.19744873046875,4398000
2017-08-09,71.26000213623047,72.13999938964844,71.0999984741211,72.0199966430664,61.66838836669922,4536300
2017-08-10,72.01000213623047,72.19000244140625,70.38999938964844,70.44000244140625,60.315486907958984,5940300
2017-08-11,70.73999786376953,71.01000213623047,70.43000030517578,70.62999725341797,60.478172302246094,3248300
2017-08-14,71.2300033569336,71.29000091552734,70.69999694824219,70.81999969482422,60.64087677001953,2648800
2017-08-15,71.08000183105469,71.13999938964844,70.27999877929688,70.33999633789062,60.229854583740234,3724100
2017-08-16,70.48999786376953,70.75,70.11000061035156,70.41999816894531,60.298362731933594,4751600
2017-08-17,70.5999984741211,70.68000030517578,69.83000183105469,69.8499984741211,59.81027603149414,5086000
2017-08-18,69.5199966430664,70.44000244140625,69.47000122070312,69.95999908447266,59.904476165771484,4016400
2017-08-21,69.91999816894531,70.83000183105469,69.91000366210938,70.69999694824219,60.538108825683594,4666400
2017-08-22,70.91000366210938,71.87999725341797,70.76000213623047,71.75,61.437191009521484,3589000
2017-08-23,71.29000091552734,71.9000015258789,71.2699966430664,71.5199966430664,61.24025344848633,3071300
2017-08-24,71.72000122070312,72.30999755859375,71.4000015258789,72.11000061035156,61.74544143676758,4088300
2017-08-25,72.22000122070312,72.77999877929688,72.20999908447266,72.4800033569336,62.06228256225586,3871200
2017-08-28,72.66999816894531,73.56999969482422,72.55999755859375,73.31999969482422,62.78153991699219,4574400
2017-08-29,72.77999877929688,73.9000015258789,72.77999877929688,73.88999938964844,63.26961135864258,3390800
2017-08-30,73.62000274658203,74.18000030517578,73.58000183105469,73.91999816894531,63.2952880859375,3189100
2017-08-31,74.11000061035156,75.4000015258789,73.91999816894531,75.30000305175781,64.4769515991211,6177600
2017-09-01,75.58999633789062,76.0,75.26000213623047,75.41999816894531,64.5796890258789,3831700
2017-09-05,75.38999938964844,75.58000183105469,74.7300033569336,75.25,64.43413543701172,6309100
2017-09-06,75.61000061035156,77.45999908447266,75.3499984741211,77.05000305175781,65.97540283203125,7755200
2017-09-07,77.29000091552734,82.44999694824219,77.0,81.77999877929688,70.02556610107422,15377300
2017-09-08,81.29000091552734,86.08999633789062,81.11000061035156,85.33999633789062,73.07386779785156,14809100
2017-09-11,84.45999908447266,87.0999984741211,84.37999725341797,87.0,74.49527740478516,12687000
2017-09-12,86.97000122070312,87.97000122070312,86.5,87.75,75.13746643066406,11155600
2017-09-13,87.58000183105469,88.83999633789062,87.41999816894531,88.47000122070312,75.75399780273438,9172200
2017-09-14,88.2300033569336,89.31999969482422,88.1500015258789,89.22000122070312,76.39618682861328,10272200
2017-09-15,89.38999938964844,89.69000244140625,86.5199966430664,87.37000274658203,74.81208801269531,20441500
2017-09-18,87.47000122070312,87.80999755859375,85.08000183105469,85.31999969482422,73.05673217773438,9656700
2017-09-19,85.54000091552734,86.66000366210938,85.37999725341797,86.37000274658203,73.95581817626953,7786400
2017-09-20,86.4000015258789,87.4800033569336,86.25,87.41000366210938,74.8463363647461,6559400
2017-09-21,87.36000061035156,87.69999694824219,86.66999816894531,87.41000366210938,74.8463363647461,7340300
2017-09-22,87.22000122070312,87.75,86.7699966430664,87.4800033569336,74.9062728881836,6807000
2017-09-25,86.91999816894531,87.77999877929688,86.4000015258789,86.56999969482422,74.12708282470703,8287000
2017-09-26,86.3499984741211,86.91000366210938,85.16000366210938,85.3499984741211,73.08243560791016,5862400
2017-09-27,85.3499984741211,85.38999938964844,83.19000244140625,84.75,72.56867980957031,6581200
2017-09-28,86.66999816894531,90.94999694824219,86.37999725341797,88.95999908447266,76.17356872558594,14809300
2017-09-29,88.69000244140625,89.3499984741211,87.66999816894531,88.86000061035156,76.0879135131836,6769400
2017-10-02,89.73999786376953,90.41000366210938,88.91000366210938,90.38999938964844,77.39802551269531,6600100
2017-10-03,90.44000244140625,90.63999938964844,89.0199966430664,89.69999694824219,76.80718994140625,4286900
2017-10-04,89.5199966430664,90.44000244140625,89.30999755859375,89.9000015258789,76.97845458984375,3251200
2017-10-05,89.69000244140625,90.55999755859375,89.4800033569336,90.18000030517578,77.21820068359375,4382900
2017-10-06,90.19999694824219,91.33000183105469,89.94999694824219,90.48999786376953,77.48365020751953,3461800
2017-10-09,90.56999969482422,91.19000244140625,90.1500015258789,90.77999877929688,77.73196411132812,4331500
2017-10-10,90.70999908447266,91.22000122070312,89.69999694824219,91.16999816894531,78.06590270996094,3560200
2017-10-11,91.47000122070312,92.61000061035156,90.97000122070312,92.37999725341797,79.10198974609375,6298500
2017-10-12,91.7699966430664,91.98999786376953,90.91000366210938,91.41999816894531,78.8260726928711,4818200
2017-10-13,91.41000366210938,91.8499984741211,90.54000091552734,90.66999816894531,78.17937469482422,6803900
2017-10-16,91.01000213623047,91.98999786376953,90.55999755859375,91.04000091552734,78.4984130859375,4640300
2017-10-17,91.08999633789062,92.77999877929688,90.94999694824219,92.16999816894531,79.47276306152344,5280500
2017-10-18,92.3499984741211,96.44000244140625,92.19999694824219,96.04000091552734,82.80962371826172,10979700
2017-10-19,95.5,96.62000274658203,94.51000213623047,96.4800033569336,83.18902587890625,9303700
2017-10-20,96.77999877929688,98.26000213623047,94.88999938964844,96.0999984741211,82.8613510131836,6882600
2017-10-23,95.93000030517578,96.0,94.44999694824219,94.51000213623047,81.49040222167969,4483900
2017-10-24,94.0,94.13999938964844,90.7699966430664,91.69000244140625,79.05889129638672,10301100
2017-10-25,91.77999877929688,92.08000183105469,90.7300033569336,91.7699966430664,79.12786865234375,6924800
2017-10-26,91.86000061035156,91.86000061035156,85.23999786376953,89.55999755859375,77.22229766845703,10307500
2017-10-27,92.69999694824219,94.97000122070312,90.75,91.93000030517578,79.26581573486328,9066300
2017-10-30,91.69999694824219,92.05999755859375,88.91000366210938,90.95999908447266,78.429443359375,6526200
2017-10-31,90.87999725341797,91.81999969482422,90.04000091552734,90.25,77.81724548339844,7065600
2017-11-01,90.77999877929688,93.33999633789062,90.2699966430664,92.44000244140625,79.7055435180664,7048800
2017-11-02,92.08000183105469,92.33999633789062,90.19000244140625,91.0199966430664,78.4811782836914,4981900
2017-11-03,91.30000305175781,92.55999755859375,90.91000366210938,92.30999755859375,79.59346008300781,3620800
2017-11-06,92.22000122070312,93.58000183105469,91.41999816894531,92.95999908447266,80.15391540527344,5633600
2017-11-07,92.9800033569336,95.68000030517578,92.95999908447266,93.95999908447266,81.01617431640625,7014000
2017-11-08,94.30999755859375,96.37000274658203,93.83999633789062,95.70999908447266,82.52510070800781,6802600
2017-11-09,95.29000091552734,96.37000274658203,95.26000213623047,95.88999938964844,82.6802978515625,5187000
2017-11-10,95.3499984741211,95.94000244140625,93.55999755859375,95.43000030517578,82.28366088867188,6170100
2017-11-13,95.37000274658203,95.41999816894531,94.04000091552734,95.12000274658203,82.01637268066406,4035700
2017-11-14,94.63999938964844,94.91000366210938,93.12000274658203,94.75,81.69733428955078,4717300
2017-11-15,94.62999725341797,94.69999694824219,92.72000122070312,93.76000213623047,80.84371948242188,4745700
2017-11-16,94.44000244140625,95.16999816894531,93.27999877929688,94.47000122070312,81.45591735839844,4301600
2017-11-17,93.80000305175781,94.48999786376953,93.56999969482422,93.61000061035156,80.71438598632812,3386400
2017-11-20,93.91999816894531,94.30999755859375,92.88999938964844,93.5999984741211,80.70575714111328,4352200
2017-11-21,93.69999694824219,95.4000015258789,93.5999984741211,94.68000030517578,81.63697052001953,4346200
2017-11-22,94.69000244140625,95.4000015258789,94.22000122070312,94.47000122070312,81.45591735839844,2560700
2017-11-24,94.0,94.97000122070312,93.55000305175781,94.72000122070312,81.67147064208984,1932900
2017-11-27,94.69000244140625,95.62999725341797,94.44000244140625,95.41999816894531,82.2750473022461,3044600
2017-11-28,95.94000244140625,96.88999938964844,94.83000183105469,95.41999816894531,82.2750473022461,5105400
2017-11-29,95.76000213623047,96.3499984741211,95.02999877929688,95.81999969482422,82.61994171142578,4081400
2017-11-30,96.36000061035156,97.52999877929688,96.20999908447266,96.91999816894531,83.56840515136719,7889600
2017-12-01,97.19000244140625,98.5199966430664,94.30000305175781,96.31999969482422,83.0510482788086,4823200
2017-12-04,96.37000274658203,96.6500015258789,94.6500015258789,95.22000122070312,82.10259246826172,4934400
2017-12-05,96.27999877929688,96.72000122070312,95.0,95.41000366210938,82.26641082763672,5553000
2017-12-06,95.69999694824219,95.79000091552734,93.47000122070312,94.4000015258789,81.39556121826172,5114200
2017-12-07,94.02999877929688,94.56999969482422,92.9000015258789,94.23999786376953,81.25758361816406,4524500
2017-12-08,95.68000030517578,96.54000091552734,94.62000274658203,95.94999694824219,82.73202514648438,5297000
2017-12-11,96.38999938964844,97.30999755859375,95.7699966430664,96.47000122070312,83.18038940429688,4181100
2017-12-12,95.72000122070312,96.69000244140625,94.76000213623047,96.30000305175781,83.03380584716797,4195200
2017-12-13,96.5999984741211,98.87000274658203,96.5999984741211,97.3499984741211,83.93916320800781,6148700
2017-12-14,97.33000183105469,97.44000244140625,95.6500015258789,96.30000305175781,83.03380584716797,3985800
2017-12-15,96.86000061035156,97.87999725341797,96.63999938964844,97.44999694824219,84.02538299560547,11564700
2017-12-18,97.66999816894531,99.0999984741211,97.55000305175781,98.19000244140625,84.66345977783203,4768300
2017-12-19,98.41999816894531,98.55000305175781,97.69999694824219,97.91999816894531,84.43064880371094,2817700
2017-12-20,97.86000061035156,98.9000015258789,97.22000122070312,97.41000366210938,83.99090576171875,3411900
2017-12-21,97.81999969482422,98.3499984741211,97.72000122070312,97.91000366210938,84.42201232910156,2249500
2017-12-22,97.86000061035156,98.69000244140625,97.70999908447266,98.20999908447266,84.68070220947266,2835600
2017-12-26,98.1500015258789,98.36000061035156,97.05000305175781,97.75,84.28406524658203,2363800
2017-12-27,97.7300033569336,98.2300033569336,97.44000244140625,98.08999633789062,84.57721710205078,1927300
2017-12-28,98.19000244140625,98.38999938964844,97.5199966430664,97.79000091552734,84.31854248046875,1870400
2017-12-29,98.13999938964844,98.43000030517578,96.70999908447266,96.70999908447266,83.38733673095703,3214400
2018-01-02,97.13999938964844,98.9000015258789,96.75,98.41000366210938,84.85315704345703,4561300
2018-01-03,98.55000305175781,100.0999984741211,98.04000091552734,99.94999694824219,86.18099212646484,4702300
2018-01-04,100.06999969482422,100.12000274658203,98.3499984741211,99.37999725341797,85.68951416015625,3579000
2018-01-05,99.33999633789062,101.19999694824219,98.55999755859375,101.11000061035156,87.18119049072266,4599300
2018-01-08,101.27999877929688,101.27999877929688,98.18000030517578,99.48999786376953,85.78434753417969,5582000
2018-01-09,99.48999786376953,100.66000366210938,98.69999694824219,100.23999786376953,86.43103790283203,4055400
2018-01-10,99.6500015258789,100.19999694824219,99.18000030517578,99.69000244140625,85.9568099975586,4608600
2018-01-11,99.37000274658203,99.48999786376953,98.55999755859375,99.2699966430664,86.2086410522461,4240900
2018-01-12,99.33999633789062,100.63999938964844,98.66000366210938,100.33999633789062,87.13786315917969,4372600
2018-01-16,100.26000213623047,103.0,100.0,102.48999786376953,89.00497436523438,8528600
2018-01-17,103.0,104.83999633789062,102.55000305175781,104.36000061035156,90.62894439697266,5384900
2018-01-18,104.29000091552734,104.8499984741211,103.44000244140625,103.80999755859375,90.15129852294922,6371200
2018-01-19,104.33000183105469,104.87000274658203,103.55000305175781,104.63999938964844,90.87210083007812,4991300
2018-01-22,104.69999694824219,106.54000091552734,104.45999908447266,106.48999786376953,92.47868347167969,4538100
2018-01-23,106.16999816894531,106.97000122070312,105.02999877929688,105.37999725341797,91.51473999023438,5095300
2018-01-24,105.26000213623047,106.2300033569336,104.0999984741211,105.51000213623047,91.62763977050781,4436500
2018-01-25,105.94999694824219,108.37000274658203,105.73999786376953,108.30000305175781,94.050537109375,6327500
2018-01-26,114.5,125.86000061035156,113.5,123.20999908447266,106.998779296875,19614500
2018-01-29,121.5,124.1500015258789,118.9800033569336,122.30999755859375,106.21717834472656,10182700
2018-01-30,119.41999816894531,121.44999694824219,115.87000274658203,115.87999725341797,100.6332015991211,11851400
2018-01-31,116.20999908447266,116.5,111.29000091552734,112.22000122070312,97.45478057861328,15744800
2018-02-01,112.23999786376953,117.52999877929688,112.2300033569336,116.33999633789062,101.03267669677734,9943500
2018-02-02,115.5,117.93000030517578,114.91999816894531,115.16999816894531,100.0166244506836,7184400
2018-02-05,113.0,115.54000091552734,109.4000015258789,109.51000213623047,95.10134887695312,9827800
2018-02-06,104.91000366210938,113.5199966430664,101.0,111.19999694824219,96.56896209716797,14107800
2018-02-07,111.5199966430664,116.8499984741211,111.37999725341797,113.62000274658203,98.67057800292969,10030800
2018-02-08,113.33000183105469,114.0,108.31999969482422,108.4800033569336,94.20684814453125,7212400
2018-02-09,109.56999969482422,112.75,106.41000366210938,111.30000305175781,96.65581512451172,8909300
2018-02-12,112.56999969482422,113.33000183105469,110.6500015258789,111.93000030517578,97.20292663574219,4823300
2018-02-13,111.54000091552734,112.41000366210938,110.38999938964844,111.86000061035156,97.14213562011719,5316200
2018-02-14,111.04000091552734,113.66999816894531,110.27999877929688,113.08000183105469,98.20162200927734,6189100
2018-02-15,113.62000274658203,116.33000183105469,112.37999725341797,114.9000015258789,99.78215026855469,7401100
2018-02-16,115.2300033569336,119.19999694824219,115.19999694824219,118.5999984741211,102.99531555175781,8717000
2018-02-20,117.72000122070312,121.55000305175781,117.22000122070312,117.9800033569336,102.45690155029297,8751400
2018-02-21,118.48999786376953,121.30000305175781,117.8499984741211,117.91000366210938,102.39611053466797,5122500
2018-02-22,118.56999969482422,119.7300033569336,116.58000183105469,117.55999755859375,102.09217071533203,5185700
2018-02-23,118.41000366210938,119.30999755859375,116.88999938964844,118.75,103.12559509277344,4685700
2018-02-26,119.2699966430664,121.72000122070312,119.04000091552734,121.54000091552734,105.54850006103516,4473500
2018-02-27,121.20999908447266,122.0,118.16000366210938,118.26000213623047,102.7000732421875,4754300
2018-02-28,119.0,120.0,115.77999877929688,115.83000183105469,100.58979034423828,6660000
2018-03-01,115.91000366210938,116.61000061035156,111.80999755859375,113.83999633789062,98.86161041259766,7148900
2018-03-02,112.94000244140625,115.47000122070312,111.88999938964844,115.04000091552734,99.90374755859375,5439700
2018-03-05,114.0,116.31999969482422,112.88999938964844,115.66000366210938,100.44215393066406,3975700
2018-03-06,116.01000213623047,116.30000305175781,113.83000183105469,114.55999755859375,99.48687744140625,3650500
2018-03-07,112.58000183105469,114.98999786376953,112.20999908447266,114.72000122070312,99.62584686279297,5286200
2018-03-08,115.0,117.75,114.3499984741211,117.01000213623047,101.61454010009766,6179400
2018-03-09,117.8499984741211,119.66000366210938,117.66999816894531,119.29000091552734,103.59455108642578,5835600
2018-03-12,119.4000015258789,119.58999633789062,117.93000030517578,118.30000305175781,102.73480224609375,4892900
2018-03-13,119.26000213623047,121.44999694824219,118.7300033569336,119.75,103.9940414428711,5403200
2018-03-14,120.33999633789062,120.66999816894531,117.94999694824219,118.94000244140625,103.29060363769531,3556100
2018-03-15,119.0,119.5,114.87999725341797,114.93000030517578,99.8082046508789,5812400
2018-03-16,114.88999938964844,116.7300033569336,113.58999633789062,113.70999908447266,98.74872589111328,8879300
2018-03-19,113.73999786376953,114.9800033569336,110.44000244140625,112.02999877929688,97.28977966308594,8598900
2018-03-20,112.9000015258789,114.1500015258789,112.08999633789062,112.6500015258789,97.82819366455078,4933800
2018-03-21,113.08000183105469,113.79000091552734,111.7300033569336,112.44999694824219,97.65451049804688,4618000
2018-03-22,104.19000244140625,104.5,95.5199966430664,98.0999984741211,85.19259643554688,26861200
2018-03-23,98.98999786376953,100.31999969482422,97.37000274658203,97.45999908447266,84.63678741455078,14253600
2018-03-26,99.48999786376953,99.91000366210938,91.76000213623047,95.27999877929688,82.74363708496094,13760600
2018-03-27,95.5,95.72000122070312,91.12000274658203,92.01000213623047,79.90386962890625,10821300
2018-03-28,92.19000244140625,96.8499984741211,91.58000183105469,94.2699966430664,81.86652374267578,11154200
2018-03-29,94.5199966430664,95.54000091552734,93.5,94.6500015258789,82.196533203125,7399400
2018-04-02,94.0,94.63999938964844,90.30000305175781,91.45999908447266,79.42623901367188,7816500
2018-04-03,92.33999633789062,92.45999908447266,88.22000122070312,90.58999633789062,78.67070007324219,10449200
2018-04-04,88.70999908447266,93.41000366210938,88.62999725341797,92.94000244140625,80.71151733398438,8841700
2018-04-05,93.06999969482422,93.2699966430664,91.6500015258789,92.20999908447266,80.07756805419922,7045000
2018-04-06,91.44999694824219,92.7699966430664,88.79000091552734,89.77999877929688,77.96728515625,6761200
2018-04-09,91.38999938964844,93.37999725341797,90.41999816894531,90.4800033569336,78.5751953125,8302100
2018-04-10,91.5,94.38999938964844,90.93000030517578,93.62000274658203,81.30204772949219,6253700
2018-04-11,92.58000183105469,94.4800033569336,92.4000015258789,93.63999938964844,81.31940460205078,7135700
2018-04-12,93.70999908447266,93.70999908447266,92.06999969482422,92.12000274658203,80.82804870605469,6402500
2018-04-13,92.62999725341797,92.63999938964844,91.08999633789062,91.83000183105469,80.57359313964844,4630000
2018-04-16,92.88999938964844,93.48999786376953,92.30999755859375,92.5999984741211,81.24920654296875,3922500
2018-04-17,93.19999694824219,94.01000213623047,92.62000274658203,93.58999633789062,82.11785888671875,4474700
2018-04-18,94.0,94.5999984741211,93.0199966430664,94.31999969482422,82.75837707519531,5289700
2018-04-19,94.43000030517578,94.52999877929688,91.4000015258789,93.01000213623047,81.60894775390625,4972900
2018-04-20,93.41000366210938,93.80000305175781,92.0199966430664,92.5999984741211,81.24920654296875,4754800
2018-04-23,92.93000030517578,93.80000305175781,92.7300033569336,93.16999816894531,81.74934387207031,4716300
2018-04-24,92.94999694824219,93.4800033569336,90.44000244140625,91.36000061035156,80.16120147705078,6378300
2018-04-25,90.95999908447266,92.27999877929688,90.5199966430664,91.87000274658203,80.60870361328125,5487800
2018-04-26,94.0,98.55000305175781,93.58000183105469,97.44000244140625,85.49594116210938,12594400
2018-04-27,97.44000244140625,99.3499984741211,96.37000274658203,98.7300033569336,86.6278076171875,6117600
2018-04-30,99.05000305175781,99.41999816894531,96.5199966430664,96.55000305175781,84.71502685546875,7449400
2018-05-01,102.0999984741211,103.37000274658203,101.18000030517578,102.06999969482422,89.55838775634766,11910500
2018-05-02,101.16999816894531,101.76000213623047,99.95999908447266,100.37000274658203,88.0667724609375,7625600
2018-05-03,100.19999694824219,100.7699966430664,98.7699966430664,100.27999877929688,87.98780822753906,7699500
2018-05-04,99.9000015258789,100.93000030517578,99.12000274658203,100.16999816894531,87.89128875732422,5224400
2018-05-07,100.75,101.2699966430664,99.23999786376953,99.62999725341797,87.41749572753906,6151500
2018-05-08,99.12999725341797,99.77999877929688,98.69999694824219,99.4000015258789,87.2156753540039,7620900
2018-05-09,99.44000244140625,102.04000091552734,98.9000015258789,101.18000030517578,88.77748107910156,5665600
2018-05-10,102.58000183105469,103.80999755859375,101.93000030517578,102.8499984741211,90.2427749633789,5369700
2018-05-11,103.45999908447266,104.69000244140625,102.04000091552734,104.18000030517578,91.4097671508789,6358900
2018-05-14,104.4000015258789,106.30000305175781,104.33000183105469,105.88999938964844,92.9101333618164,8471700
2018-05-15,105.37999725341797,105.55999755859375,103.58999633789062,104.18000030517578,91.4097671508789,8387600
2018-05-16,104.45999908447266,105.6500015258789,104.19999694824219,105.04000091552734,92.1643295288086,8296700
2018-05-17,105.0999984741211,105.41000366210938,104.20999908447266,105.31999969482422,92.41001892089844,6702900
2018-05-18,105.2699966430664,106.77999877929688,105.11000061035156,105.9800033569336,92.98912048339844,5328000
2018-05-21,107.0,107.25,105.94999694824219,106.2300033569336,93.2084732055664,5797300
2018-05-22,106.55000305175781,107.23999786376953,106.0999984741211,106.2300033569336,93.2084732055664,9456800
2018-05-23,105.8499984741211,106.31999969482422,104.73999786376953,105.5999984741211,92.65569305419922,12816600
2018-05-24,104.55000305175781,104.55000305175781,101.61000061035156,103.13999938964844,90.49724578857422,13164500
2018-05-25,102.29000091552734,103.13999938964844,99.55000305175781,101.08000183105469,88.68975830078125,25301700
2018-05-29,100.2699966430664,101.58999633789062,98.93000030517578,99.47000122070312,87.277099609375,25494700
2018-05-30,101.86000061035156,103.16000366210938,100.83000183105469,103.01000213623047,90.38317108154297,31273400
2018-05-31,100.93000030517578,101.0999984741211,98.5,98.94000244140625,86.81207275390625,18910900
2018-06-01,97.93000030517578,99.43000030517578,97.9000015258789,98.05000305175781,86.03115844726562,14837300
2018-06-04,98.4800033569336,99.45999908447266,97.62000274658203,99.0999984741211,86.95246124267578,10922500
2018-06-05,99.11000061035156,100.33999633789062,98.76000213623047,99.23999786376953,87.07527923583984,10199000
2018-06-06,99.25,99.98999786376953,98.31999969482422,99.9800033569336,87.72459411621094,4933500
2018-06-07,100.25,100.33000183105469,98.87000274658203,99.31999969482422,87.1454849243164,5092500
2018-06-08,99.27999877929688,100.5,99.0,100.43000030517578,88.11942291259766,4012900
2018-06-11,100.55999755859375,101.08000183105469,99.41000366210938,99.7699966430664,87.54032897949219,5770100
2018-06-12,99.80000305175781,100.12000274658203,98.73999786376953,98.91000366210938,86.78575897216797,8060400
2018-06-13,98.91999816894531,99.2300033569336,97.51000213623047,97.58000183105469,85.6187744140625,7816200
2018-06-14,98.37999725341797,98.91999816894531,97.75,98.75,86.64535522460938,4648700
2018-06-15,98.7699966430664,99.87000274658203,98.0,99.56999969482422,87.3648452758789,20806200
2018-06-18,99.1500015258789,99.33000183105469,98.30999755859375,98.4800033569336,86.40845489501953,6425600
2018-06-19,97.88999938964844,98.37999725341797,96.93000030517578,98.01000213623047,85.99606323242188,5528300
2018-06-20,98.22000122070312,99.55000305175781,97.83999633789062,98.25,86.20664978027344,5842700
2018-06-21,97.70999908447266,97.98999786376953,95.26000213623047,95.55000305175781,83.83760070800781,7225000
2018-06-22,96.05999755859375,96.11000061035156,93.43000030517578,93.48999786376953,82.03013610839844,9454800
2018-06-25,93.47000122070312,94.37999725341797,92.0999984741211,93.05000305175781,81.64405059814453,5573100
2018-06-26,93.36000061035156,93.86000061035156,92.08000183105469,92.12000274658203,80.82804870605469,5117100
2018-06-27,92.36000061035156,93.2699966430664,91.47000122070312,91.51000213623047,80.2928237915039,5833000
2018-06-28,91.33999633789062,92.61000061035156,90.80999755859375,92.43000030517578,81.10005187988281,6698900
2018-06-29,92.83999633789062,94.45999908447266,92.55999755859375,92.6500015258789,81.29308319091797,6787900
2018-07-02,92.05999755859375,93.30000305175781,91.8499984741211,93.11000061035156,81.69670104980469,3854500
2018-07-03,93.58000183105469,94.37000274658203,93.12000274658203,93.61000061035156,82.13541412353516,2452400
2018-07-05,94.45999908447266,95.05999755859375,93.94999694824219,94.4800033569336,82.89878845214844,4744000
2018-07-06,95.19999694824219,97.06999969482422,94.95999908447266,96.91999816894531,85.03968048095703,5867400
2018-07-09,97.9800033569336,98.3499984741211,96.91999816894531,97.04000091552734,85.14497375488281,5953100
2018-07-10,97.11000061035156,98.94999694824219,96.68000030517578,98.83999633789062,86.72431945800781,5119900
2018-07-11,96.26000213623047,97.5,94.87000274658203,94.95999908447266,83.31993103027344,6230000
2018-07-12,94.91999816894531,95.66999816894531,94.0999984741211,95.61000061035156,84.74701690673828,4672000
2018-07-13,94.95999908447266,96.86000061035156,94.94000244140625,96.62999725341797,85.65111541748047,3712400
2018-07-16,96.76000213623047,96.81999969482422,95.26000213623047,96.25,85.31429290771484,3783500
2018-07-17,96.2699966430664,97.16999816894531,95.33000183105469,95.41000366210938,84.56974029541016,5107500
2018-07-18,95.2699966430664,95.43000030517578,94.33000183105469,94.4000015258789,83.67449188232422,5521900
2018-07-19,93.22000122070312,93.27999877929688,87.76000213623047,89.94999694824219,79.73008728027344,19747200
2018-07-20,88.70999908447266,89.63999938964844,86.76000213623047,88.91000366210938,78.80825805664062,11791900
2018-07-23,89.16999816894531,89.98999786376953,88.63999938964844,89.4000015258789,79.24258422851562,6316800
2018-07-24,90.51000213623047,91.61000061035156,89.75,91.54000091552734,81.13943481445312,7965000
2018-07-25,91.08000183105469,93.51000213623047,91.08000183105469,93.12000274658203,82.5399169921875,7494300
2018-07-26,93.94999694824219,94.55999755859375,92.54000091552734,93.94000244140625,83.2667465209961,6812400
2018-07-27,91.33999633789062,92.2699966430664,88.7699966430664,90.55999755859375,80.2707748413086,12905800
2018-07-30,90.66999816894531,91.54000091552734,89.37999725341797,91.44999694824219,81.05965423583984,6466000
2018-07-31,91.6500015258789,92.62999725341797,91.33000183105469,92.2300033569336,81.75104522705078,8691800
2018-08-01,92.29000091552734,94.4800033569336,92.27999877929688,93.91000366210938,83.24016571044922,5330400
2018-08-02,93.58000183105469,95.86000061035156,93.41000366210938,95.12000274658203,84.31269073486328,6023200
2018-08-03,94.88999938964844,96.8499984741211,94.81999969482422,96.52999877929688,85.56248474121094,4876100
2018-08-06,96.26000213623047,97.55000305175781,95.73999786376953,97.05999755859375,86.03225708007812,5134200
2018-08-07,97.30000305175781,98.3499984741211,93.73999786376953,94.05999755859375,83.37312316894531,8890900
2018-08-08,93.5199966430664,94.08000183105469,92.87000274658203,93.7300033569336,83.08061981201172,4535100
2018-08-09,94.19999694824219,96.13999938964844,93.47000122070312,95.47000122070312,84.62290954589844,6176100
2018-08-10,95.3499984741211,96.73999786376953,95.30999755859375,95.80000305175781,84.91541290283203,4446800
2018-08-13,96.0,97.58000183105469,95.80999755859375,96.77999877929688,85.78407287597656,5920000
2018-08-14,96.72000122070312,97.3499984741211,95.73999786376953,95.91999816894531,85.02177429199219,5580800
2018-08-15,95.91999816894531,97.79000091552734,95.61000061035156,97.44999694824219,86.3779525756836,6861500
2018-08-16,97.83999633789062,98.6500015258789,97.05999755859375,98.22000122070312,87.06047821044922,6332900
2018-08-17,98.22000122070312,99.1500015258789,96.41999816894531,98.80999755859375,87.58343505859375,6307300
2018-08-20,99.33000183105469,100.2300033569336,97.47000122070312,97.62999725341797,86.53748321533203,6172500
2018-08-21,97.86000061035156,98.05000305175781,96.80000305175781,97.73999786376953,86.635009765625,3528400
2018-08-22,97.83999633789062,98.31999969482422,97.12999725341797,97.63999938964844,86.5463638305664,2963300
2018-08-23,97.69000244140625,97.8499984741211,96.88999938964844,97.1500015258789,86.11204528808594,2137500
2018-08-24,97.13999938964844,97.58999633789062,96.55000305175781,97.4000015258789,86.33363342285156,2996100
2018-08-27,98.11000061035156,98.30000305175781,97.30000305175781,98.0199966430664,86.88319396972656,2456000
2018-08-28,97.79000091552734,98.69999694824219,97.0999984741211,97.26000213623047,86.20953369140625,3515400
2018-08-29,97.43000030517578,97.83000183105469,96.02999877929688,97.58000183105469,86.49317169189453,3637100
2018-08-30,97.5,97.7300033569336,96.55999755859375,96.79000091552734,85.79293823242188,3434400
2018-08-31,96.25,96.69000244140625,95.72000122070312,95.9800033569336,85.07496643066406,4703100
2018-09-04,95.97000122070312,95.97000122070312,94.08000183105469,94.55999755859375,83.81629943847656,4456100
2018-09-05,94.33999633789062,95.25,94.08999633789062,95.19000244140625,84.37474060058594,5188800
2018-09-06,94.79000091552734,95.08000183105469,92.79000091552734,93.73999786376953,83.0894546508789,5416300
2018-09-07,93.6500015258789,94.3499984741211,91.5999984741211,94.16999816894531,83.47061920166016,4051700
2018-09-10,94.9800033569336,95.16999816894531,93.69999694824219,93.81999969482422,83.1603775024414,3156800
2018-09-11,93.72000122070312,93.7300033569336,92.87999725341797,93.18000030517578,82.59310150146484,2638500
2018-09-12,92.38999938964844,93.94000244140625,92.04000091552734,93.23999786376953,82.64629364013672,3304700
2018-09-13,93.41999816894531,96.37000274658203,93.41000366210938,96.33000183105469,85.38520812988281,4850700
2018-09-14,96.29000091552734,96.4000015258789,94.91999816894531,95.68000030517578,84.8090591430664,3446000
2018-09-17,95.4000015258789,96.16000366210938,94.80000305175781,95.37000274658203,84.5342788696289,3987200
2018-09-18,95.3499984741211,96.05999755859375,92.41000366210938,92.61000061035156,82.0878677368164,10240500
2018-09-19,91.70999908447266,92.23999786376953,90.4000015258789,91.0199966430664,80.67851257324219,8451400
2018-09-20,91.43000030517578,93.12000274658203,90.62000274658203,92.68000030517578,82.14990234375,5991200
2018-09-21,92.8499984741211,93.33000183105469,92.05000305175781,92.26000213623047,81.77763366699219,9953500
2018-09-24,92.30000305175781,93.9800033569336,91.94999694824219,93.41999816894531,82.80582427978516,5910300
2018-09-25,93.4800033569336,94.63999938964844,93.4000015258789,93.77999877929688,83.12493133544922,5303900
2018-09-26,94.29000091552734,95.11000061035156,93.8499984741211,94.18000030517578,83.47948455810547,4656200
2018-09-27,94.3499984741211,94.88999938964844,93.95999908447266,94.13999938964844,83.44403076171875,3028600
2018-09-28,94.0,95.16000366210938,93.83999633789062,94.58000183105469,83.83404541015625,4527900
2018-10-01,94.73999786376953,95.63999938964844,94.33000183105469,95.0,84.20630645751953,3763800
2018-10-02,95.33999633789062,95.3499984741211,93.47000122070312,94.2300033569336,83.5238037109375,6792200
2018-10-03,94.63999938964844,96.5999984741211,94.5999984741211,96.01000213623047,85.10157775878906,4796800
2018-10-04,95.80999755859375,95.80999755859375,93.26000213623047,93.83999633789062,83.17810821533203,4425400
2018-10-05,94.0999984741211,95.2699966430664,92.91000366210938,94.37999725341797,83.65674591064453,4190100
2018-10-08,94.06999969482422,95.37000274658203,93.75,94.80999755859375,84.03789520263672,3305500
2018-10-09,94.70999908447266,95.26000213623047,93.80000305175781,94.56999969482422,83.82518768310547,3625600
2018-10-10,93.8499984741211,95.38999938964844,92.98999786376953,93.08000183105469,82.50447082519531,5310800
2018-10-11,93.0,93.37999725341797,89.61000061035156,90.69999694824219,80.39486694335938,9994400
2018-10-12,90.70999908447266,91.08000183105469,88.9000015258789,90.69000244140625,81.24595642089844,5709600
2018-10-15,90.51000213623047,90.5999984741211,89.18000030517578,89.18000030517578,79.8931884765625,4827900
2018-10-16,89.77999877929688,91.9800033569336,89.52999877929688,91.91000366210938,82.3388900756836,3787100
2018-10-17,91.81999969482422,92.41000366210938,90.83000183105469,92.2699966430664,82.66140747070312,2857400
2018-10-18,91.8499984741211,92.4000015258789,89.22000122070312,89.9000015258789,80.53820037841797,4422300
2018-10-19,89.26000213623047,89.98999786376953,87.97000122070312,87.97000122070312,78.80918884277344,7059400
2018-10-22,88.52999877929688,88.52999877929688,83.5,84.2699966430664,75.49449157714844,7621100
2018-10-23,82.58000183105469,84.58999633789062,81.5,82.95999908447266,74.3209228515625,8096200
2018-10-24,82.83999633789062,83.12999725341797,79.26000213623047,79.41000366210938,71.1406021118164,8689100
2018-10-25,80.4000015258789,83.19000244140625,79.66000366210938,81.7300033569336,73.21900177001953,9173500
2018-10-26,81.0199966430664,81.52999877929688,79.43000030517578,80.79000091552734,72.37688446044922,6181500
2018-10-29,82.1500015258789,83.16999816894531,79.94000244140625,81.36000061035156,72.88752746582031,4343900
2018-10-30,81.93000030517578,82.87999725341797,80.12999725341797,81.58999633789062,73.09357452392578,5243100
2018-10-31,80.9800033569336,81.58000183105469,77.73999786376953,77.8499984741211,69.74304962158203,14068500
2018-11-01,77.70999908447266,80.6500015258789,77.5,80.20999908447266,71.85729217529297,10671700
2018-11-02,84.18000030517578,84.41999816894531,78.76000213623047,79.55999755859375,71.27497100830078,12781500
2018-11-05,79.44999694824219,83.83000183105469,79.2699966430664,82.58000183105469,73.98048400878906,10315600
2018-11-06,82.7300033569336,84.2300033569336,82.30999755859375,83.66000366210938,74.9480209350586,7945500
2018-11-07,84.1500015258789,87.22000122070312,84.13999938964844,86.95999908447266,77.90435791015625,10378000
2018-11-08,87.12999725341797,89.70999908447266,87.0,87.7300033569336,78.59419250488281,9333200
2018-11-09,87.83000183105469,89.52999877929688,87.55999755859375,88.79000091552734,79.5438003540039,9169800
2018-11-12,88.75,89.88999938964844,88.5,89.69000244140625,80.35008239746094,9344700
2018-11-13,90.0,90.87999725341797,88.19999694824219,88.22000122070312,79.03317260742188,7237200
2018-11-14,89.05000305175781,89.4000015258789,86.44999694824219,88.30999755859375,79.11378479003906,7268200
2018-11-15,87.62999725341797,90.29000091552734,85.95999908447266,90.13999938964844,80.75321197509766,10365700
2018-11-16,89.7300033569336,92.0,89.19999694824219,91.52999877929688,81.99847412109375,8691100
2018-11-19,91.29000091552734,92.33999633789062,89.11000061035156,89.4800033569336,80.16194915771484,5971700
2018-11-20,89.0,89.70999908447266,87.86000061035156,88.08999633789062,78.91667938232422,5372900
2018-11-21,88.5,88.77999877929688,85.37000274658203,86.1500015258789,77.1787338256836,6532500
2018-11-23,85.5999984741211,86.55000305175781,84.9000015258789,85.62999725341797,76.7128677368164,1612800
2018-11-26,86.38999938964844,87.25,85.20999908447266,86.23999786376953,77.25933074951172,5227900
2018-11-27,86.22000122070312,87.69999694824219,85.5,87.68000030517578,78.54938507080078,4338300
2018-11-28,88.04000091552734,88.95999908447266,86.55999755859375,88.94000244140625,79.67818450927734,3953600
2018-11-29,89.01000213623047,90.33000183105469,88.36000061035156,89.91000366210938,80.54718017578125,3838000
2018-11-30,90.26000213623047,94.2699966430664,89.87000274658203,94.2699966430664,84.45313262939453,12031700
2018-12-03,94.31999969482422,94.72000122070312,92.81999969482422,93.66000366210938,83.90666198730469,6673900
2018-12-04,93.91999816894531,94.9800033569336,90.4000015258789,90.55000305175781,81.12052154541016,7008400
2018-12-06,89.69999694824219,90.4800033569336,87.16999816894531,90.33000183105469,80.9234390258789,8734300
2018-12-07,89.93000030517578,90.0,86.37000274658203,86.95999908447266,77.90435791015625,6737700
2018-12-10,86.66999816894531,87.87999725341797,84.5999984741211,87.61000061035156,78.48668670654297,5229400
2018-12-11,88.62000274658203,89.44000244140625,86.66000366210938,88.16999816894531,78.98836517333984,5098100
2018-12-12,89.31999969482422,90.16999816894531,88.36000061035156,88.5999984741211,79.37358856201172,4185100
2018-12-13,89.37000274658203,89.98999786376953,87.37000274658203,87.70999908447266,78.5762710571289,4078600
2018-12-14,86.80000305175781,87.16000366210938,85.08000183105469,85.61000061035156,76.69495391845703,5461600
2018-12-17,85.06999969482422,86.87999725341797,84.19999694824219,84.93000030517578,76.08576965332031,5958200
2018-12-18,85.45999908447266,85.5,82.80000305175781,83.58000183105469,74.87635040283203,5288600
2018-12-19,84.33000183105469,86.30000305175781,82.6500015258789,83.5199966430664,74.82259368896484,5510800
2018-12-20,82.98999786376953,86.4800033569336,82.41000366210938,85.37000274658203,76.47994232177734,9453300
2018-12-21,84.62999725341797,88.70999908447266,83.22000122070312,84.91999816894531,76.0768051147461,16044700
2018-12-24,84.8499984741211,86.44000244140625,83.5999984741211,84.16000366210938,75.39595794677734,5097900
2018-12-26,84.73999786376953,89.08999633789062,84.62000274658203,89.04000091552734,79.76777648925781,6225000
2018-12-27,87.94999694824219,89.93000030517578,86.86000061035156,89.91000366210938,80.54718017578125,7272800
2018-12-28,90.08999633789062,92.81999969482422,90.0,91.12000274658203,81.63117218017578,6037700
2018-12-31,91.5999984741211,92.98999786376953,91.2300033569336,92.19000244140625,82.58975219726562,5722100
2019-01-02,91.23999786376953,91.26000213623047,88.41999816894531,89.2300033569336,79.93798065185547,6908400
2019-01-03,88.63999938964844,88.80000305175781,86.08000183105469,86.29000091552734,77.30413818359375,7653200
2019-01-04,87.75,89.13999938964844,86.2699966430664,89.06999969482422,79.79463195800781,8910600
2019-01-07,90.06999969482422,90.76000213623047,89.19999694824219,90.37000274658203,80.9592514038086,7281500
2019-01-08,91.19999694824219,92.30000305175781,90.4000015258789,90.79000091552734,81.33553314208984,7478300
2019-01-09,90.87999725341797,91.38999938964844,87.45999908447266,87.80999755859375,78.66585540771484,9971900
2019-01-10,87.87999725341797,88.87999725341797,87.12000274658203,88.19999694824219,79.01524353027344,6527700
2019-01-11,87.54000091552734,88.30999755859375,87.54000091552734,88.30999755859375,79.11378479003906,5318100
2019-01-14,86.97000122070312,86.97000122070312,84.48999786376953,84.76000213623047,76.86479187011719,6368500
2019-01-15,84.93000030517578,85.68000030517578,84.44999694824219,85.5,77.53587341308594,7295500
2019-01-16,85.66000366210938,86.38999938964844,85.44999694824219,85.55000305175781,77.58120727539062,4927000
2019-01-17,85.54000091552734,87.69000244140625,85.41999816894531,87.19999694824219,79.0775146484375,6438700
2019-01-18,88.44999694824219,89.79000091552734,86.91999816894531,89.5,81.16327667236328,6190000
2019-01-22,88.86000061035156,89.36000061035156,87.9000015258789,88.66000366210938,80.40152740478516,5664600
2019-01-23,88.83999633789062,89.27999877929688,87.69999694824219,88.44999694824219,80.21107482910156,4969300
2019-01-24,88.33000183105469,88.44000244140625,85.0999984741211,85.87999725341797,77.8804702758789,8372600
2019-01-25,82.51000213623047,82.61000061035156,79.43000030517578,80.54000091552734,73.03788757324219,21308600
2019-01-28,80.0,80.0999984741211,76.68000030517578,77.13999938964844,69.95458221435547,14718800
2019-01-29,77.02999877929688,78.16000366210938,75.7699966430664,77.47000122070312,70.25385284423828,13909000
2019-01-30,77.69000244140625,79.19000244140625,76.9800033569336,79.05999755859375,71.69573211669922,9277200
2019-01-31,78.94999694824219,81.30999755859375,78.70999908447266,80.29000091552734,72.81116485595703,11563900
2019-02-01,80.25,80.7300033569336,79.11000061035156,80.5,73.00161743164062,6759500
2019-02-04,80.30000305175781,80.36000061035156,77.5199966430664,78.52999877929688,71.21510314941406,10205600
2019-02-05,78.55999755859375,80.05999755859375,78.22000122070312,79.69000244140625,72.26704406738281,7965500
2019-02-06,79.5999984741211,79.88999938964844,78.79000091552734,79.08000183105469,71.7138671875,4907200
2019-02-07,78.3499984741211,79.22000122070312,77.80999755859375,79.16999816894531,71.79549407958984,5877500
2019-02-08,79.02999877929688,79.86000061035156,78.88999938964844,79.66999816894531,72.24891662597656,4598900
2019-02-11,79.88999938964844,80.18000030517578,79.16999816894531,79.7699966430664,72.339599609375,4803500
2019-02-12,79.98999786376953,80.12000274658203,78.56999969482422,79.93000030517578,72.48469543457031,6620100
2019-02-13,80.33999633789062,81.31999969482422,80.29000091552734,80.79000091552734,73.26458740234375,4237200
2019-02-14,80.44999694824219,80.68000030517578,79.72000122070312,80.5199966430664,73.01973724365234,3436300
2019-02-15,81.12999725341797,81.69999694824219,80.16000366210938,80.8499984741211,73.31900024414062,6295400
2019-02-19,80.5,81.5199966430664,80.2300033569336,80.5199966430664,73.01973724365234,5674700
2019-02-20,80.52999877929688,80.5999984741211,79.13999938964844,79.98999786376953,72.53910827636719,5564100
2019-02-21,79.73999786376953,79.91000366210938,78.0999984741211,78.75,71.41461181640625,6360800
2019-02-22,79.16000366210938,80.19000244140625,78.23999786376953,80.0199966430664,72.56629943847656,5022700
2019-02-25,80.45999908447266,80.62000274658203,79.87999725341797,80.29000091552734,72.81116485595703,5511800
2019-02-26,80.19999694824219,80.86000061035156,80.0199966430664,80.51000213623047,73.01066589355469,4283100
2019-02-27,80.13999938964844,80.13999938964844,78.80000305175781,79.41000366210938,72.01314544677734,4175500
2019-02-28,79.45999908447266,79.70999908447266,78.75,79.23999786376953,71.8589859008789,6310800
2019-03-01,79.7699966430664,80.8499984741211,79.27999877929688,80.0999984741211,72.63886260986328,8567900
2019-03-04,80.4000015258789,80.7300033569336,79.11000061035156,79.45999908447266,72.05847930908203,5872500
2019-03-05,79.37999725341797,79.9000015258789,78.72000122070312,78.91000366210938,71.5597152709961,5933100
2019-03-06,79.12999725341797,79.12999725341797,77.55999755859375,78.08999633789062,70.81607818603516,5293200
2019-03-07,77.7699966430664,79.12000274658203,77.44000244140625,78.23999786376953,70.9521255493164,6642500
2019-03-08,77.66999816894531,78.04000091552734,77.08999633789062,77.58000183105469,70.35360717773438,6189100
2019-03-11,77.56999969482422,78.30999755859375,77.2699966430664,78.08000183105469,70.8070297241211,8078100
2019-03-12,78.4800033569336,79.13999938964844,78.05000305175781,78.73999786376953,71.40555572509766,6128800
2019-03-13,78.91999816894531,79.30000305175781,78.1500015258789,78.93000030517578,71.57784271240234,5984500
2019-03-14,79.0,80.4000015258789,78.41000366210938,79.94999694824219,72.50283813476562,6161800
2019-03-15,80.05999755859375,81.45999908447266,79.11000061035156,81.33999633789062,73.76335144042969,12751100
2019-03-18,81.33999633789062,81.75,80.27999877929688,80.6500015258789,73.13763427734375,5550100
2019-03-19,80.33000183105469,81.29000091552734,79.51000213623047,80.81999969482422,73.29180145263672,6335500
2019-03-20,80.72000122070312,80.91000366210938,80.05999755859375,80.43000030517578,72.93812561035156,5360900
2019-03-21,79.87999725341797,81.30999755859375,79.26000213623047,81.23999786376953,73.67267608642578,5159200
2019-03-22,80.77999877929688,81.98999786376953,79.69000244140625,79.76000213623047,72.33053588867188,4992500
2019-03-25,79.5,80.04000091552734,78.41000366210938,79.51000213623047,72.10382843017578,4008400
2019-03-26,79.8499984741211,81.19000244140625,79.80000305175781,80.76000213623047,73.23738098144531,4921900
2019-03-27,81.0,81.0,79.80000305175781,79.88999938964844,72.44841766357422,4006200
2019-03-28,80.33000183105469,80.48999786376953,79.5,79.95999908447266,72.51189422607422,3082300
2019-03-29,80.08000183105469,80.9000015258789,79.95999908447266,80.58999633789062,73.08321380615234,7105900
2019-04-01,80.9800033569336,81.11000061035156,79.97000122070312,80.77999877929688,73.25553894042969,4759400
2019-04-02,80.88999938964844,83.48999786376953,80.80000305175781,83.06999969482422,75.33222198486328,6355800
2019-04-03,83.62000274658203,84.7300033569336,82.79000091552734,83.08000183105469,75.34129333496094,6083500
2019-04-04,83.04000091552734,83.37999725341797,82.06999969482422,82.80999755859375,75.096435546875,4827900
2019-04-05,82.81999969482422,84.18000030517578,82.66999816894531,83.44999694824219,75.67681884765625,3996300
2019-04-08,83.69999694824219,84.0,82.77999877929688,83.9800033569336,76.1574478149414,3499200
2019-04-09,83.7699966430664,83.77999877929688,82.5,82.69000244140625,74.98760986328125,3712700
2019-04-10,83.19999694824219,83.37999725341797,82.5999984741211,82.94999694824219,75.223388671875,3641900
2019-04-11,83.19999694824219,83.25,81.2300033569336,81.7699966430664,74.15331268310547,9094200
2019-04-12,80.66999816894531,81.80999755859375,79.83999633789062,80.77999877929688,74.2268295288086,5011500
2019-04-15,80.95999908447266,81.51000213623047,80.37000274658203,81.02999877929688,74.45654296875,3495500
2019-04-16,81.11000061035156,81.30000305175781,80.0199966430664,80.20999908447266,73.70306396484375,3624700
2019-04-17,80.0999984741211,80.19999694824219,77.55000305175781,77.9800033569336,71.65396881103516,6817100
2019-04-18,78.05999755859375,78.20999908447266,76.80999755859375,77.56999969482422,71.27722930908203,7784900
2019-04-22,77.5999984741211,79.0999984741211,77.5,78.1500015258789,71.81017303466797,5358600
2019-04-23,78.1500015258789,79.66000366210938,77.75,78.66000366210938,72.27879333496094,9920600
2019-04-24,79.2300033569336,79.58999633789062,78.44000244140625,78.66999816894531,72.28800201416016,7056400
2019-04-25,80.05000305175781,80.47000122070312,76.91000366210938,79.33999633789062,72.90364074707031,10442900
2019-04-26,79.66999816894531,80.6500015258789,79.4000015258789,79.69999694824219,73.23442840576172,5790000
2019-04-29,80.45999908447266,80.9800033569336,79.91000366210938,80.30000305175781,73.78575897216797,6444500
2019-04-30,80.68000030517578,80.69000244140625,78.68000030517578,79.38999938964844,72.94957733154297,9367400
2019-05-01,79.5999984741211,79.68000030517578,78.61000061035156,78.88999938964844,72.49014282226562,5231700
2019-05-02,78.7300033569336,78.77999877929688,77.5999984741211,78.47000122070312,72.10421752929688,5206300
2019-05-03,78.72000122070312,78.80000305175781,78.25,78.70999908447266,72.32474517822266,4527300
2019-05-06,77.75,79.5199966430664,77.33999633789062,79.26000213623047,72.83012390136719,5413200
2019-05-07,78.5999984741211,78.98999786376953,77.16999816894531,77.94999694824219,71.62639617919922,4275300
2019-05-08,77.94999694824219,78.88999938964844,77.31999969482422,77.98999786376953,71.66314697265625,3820700
2019-05-09,77.51000213623047,78.12999725341797,76.7300033569336,77.91000366210938,71.58964538574219,3792200
2019-05-10,77.44999694824219,77.7300033569336,75.62000274658203,77.44999694824219,71.16696166992188,4731800
2019-05-13,76.30000305175781,77.30000305175781,76.16999816894531,76.87000274658203,70.63401794433594,3858400
2019-05-14,77.16000366210938,79.36000061035156,77.0,78.44000244140625,72.07665252685547,6365200
2019-05-15,78.51000213623047,79.1500015258789,77.4800033569336,78.77999877929688,72.3890609741211,4795700
2019-05-16,78.9800033569336,80.75,78.70999908447266,79.5,73.0506591796875,5404700
2019-05-17,78.52999877929688,80.08000183105469,78.0199966430664,79.45999908447266,73.01390075683594,4756400
2019-05-20,79.0199966430664,80.38999938964844,78.91000366210938,79.81999969482422,73.34468841552734,4395500
2019-05-21,80.33000183105469,81.5,80.31999969482422,80.87999725341797,74.31869506835938,4841900
2019-05-22,80.51000213623047,81.75,79.87999725341797,81.58999633789062,74.97110748291016,4219500
2019-05-23,80.38999938964844,81.62999725341797,80.31999969482422,81.1500015258789,74.56681060791016,3299100
2019-05-24,81.08999633789062,81.0999984741211,79.87000274658203,80.05999755859375,73.56522369384766,3872700
2019-05-28,80.0,80.0999984741211,77.91999816894531,78.02999877929688,71.69990539550781,6557800
2019-05-29,77.56999969482422,78.27999877929688,77.0999984741211,78.05999755859375,71.72747039794922,4182200
2019-05-30,78.5199966430664,78.58999633789062,77.12999725341797,77.61000061035156,71.31398010253906,3533100
2019-05-31,77.30999755859375,77.56999969482422,76.4000015258789,76.70999908447266,70.48699188232422,4003200
2019-06-03,76.62999725341797,76.83999633789062,73.80999755859375,75.69999694824219,69.55892944335938,8434400
2019-06-04,76.13999938964844,77.44000244140625,75.9000015258789,76.75,70.52374267578125,6447100
2019-06-05,77.41000366210938,78.16999816894531,76.66000366210938,77.05999755859375,70.80859375,3804400
2019-06-06,77.16000366210938,77.72000122070312,76.86000061035156,77.06999969482422,70.81778717041016,4032800
2019-06-07,77.48999786376953,78.37999725341797,77.08000183105469,77.43000030517578,71.14857482910156,4829100
2019-06-10,77.45999908447266,77.75,76.5999984741211,76.94999694824219,70.70751953125,3969400
2019-06-11,77.48999786376953,78.9000015258789,77.48999786376953,78.16999816894531,71.82854461669922,4210200
2019-06-12,78.25,79.25,78.18000030517578,78.56999969482422,72.19611358642578,4165200
2019-06-13,78.93000030517578,79.19999694824219,78.30000305175781,78.94999694824219,72.54527282714844,2924900
2019-06-14,78.94999694824219,79.33999633789062,78.20999908447266,78.69000244140625,72.3063735961914,4075900
2019-06-17,78.4000015258789,79.05000305175781,78.4000015258789,78.6500015258789,72.26960754394531,3083200
2019-06-18,78.87999725341797,79.19999694824219,77.01000213623047,78.25,71.90206909179688,5433500
2019-06-19,78.4000015258789,78.4800033569336,77.29000091552734,77.61000061035156,71.31398010253906,6147300
2019-06-20,78.23999786376953,79.16999816894531,78.08000183105469,78.33999633789062,71.98475646972656,5347000
2019-06-21,78.1500015258789,79.08000183105469,76.43000030517578,78.77999877929688,72.3890609741211,10516900
2019-06-24,78.41000366210938,79.30999755859375,77.8499984741211,78.44999694824219,72.08583068847656,5182700
2019-06-25,70.47000122070312,70.66999816894531,65.05999755859375,65.69999694824219,60.37016296386719,90131800
2019-06-26,67.23999786376953,68.41000366210938,66.80000305175781,68.0,62.48357391357422,42093800
2019-06-27,68.16000366210938,70.5999984741211,68.0999984741211,70.0,64.32132720947266,22129200
2019-06-28,70.58000183105469,72.73999786376953,70.33000183105469,72.72000122070312,66.8206787109375,21381500
2019-07-01,73.5,73.8499984741211,72.27999877929688,73.4000015258789,67.44551086425781,18105500
2019-07-02,73.19999694824219,74.25,72.31999969482422,74.2300033569336,68.20817565917969,12862200
2019-07-03,74.3499984741211,74.97000122070312,73.77999877929688,74.95999908447266,68.87894439697266,7434100
2019-07-05,74.6500015258789,74.79000091552734,72.61000061035156,72.98999786376953,67.06876373291016,10854900
2019-07-08,72.5199966430664,73.0,70.87999725341797,71.22000122070312,65.4423599243164,13487400
2019-07-09,71.18000030517578,72.44999694824219,70.88999938964844,71.23999786376953,65.46074676513672,11832500
2019-07-10,71.58000183105469,71.73999786376953,70.95999908447266,71.6500015258789,65.83747863769531,9170400
2019-07-11,72.30000305175781,72.4000015258789,69.8499984741211,71.23999786376953,65.46074676513672,13001000
2019-07-12,70.30000305175781,70.30000305175781,68.54000091552734,70.27999877929688,65.5633544921875,12903000
2019-07-15,70.30999755859375,71.0199966430664,69.69999694824219,70.2699966430664,65.55401611328125,10253300
2019-07-16,70.1500015258789,70.30000305175781,69.12999725341797,69.16000366210938,64.51852416992188,10141600
2019-07-17,69.33000183105469,69.86000061035156,68.30999755859375,68.31999969482422,63.73489761352539,12205000
2019-07-18,68.56999969482422,68.94999694824219,68.0,68.25,63.669593811035156,8573300
2019-07-19,68.13999938964844,68.81999969482422,68.0999984741211,68.54000091552734,63.94013214111328,9806900
2019-07-22,68.5,68.75,67.83999633789062,68.0,63.436363220214844,9961800
2019-07-23,68.0,68.44000244140625,67.5999984741211,67.7300033569336,63.18449783325195,8025300
2019-07-24,67.7699966430664,67.88999938964844,66.76000213623047,67.45999908447266,62.9326171875,12595300
2019-07-25,67.45999908447266,67.87000274658203,66.5,66.66000366210938,62.18631362915039,12403500
2019-07-26,67.63999938964844,69.13999938964844,67.37000274658203,67.76000213623047,63.212493896484375,12259300
2019-07-29,67.87000274658203,68.41000366210938,66.87999725341797,67.18000030517578,62.67140197753906,10117300
2019-07-30,66.91999816894531,67.52999877929688,66.26000213623047,67.18000030517578,62.67140197753906,8143700
2019-07-31,66.91000366210938,67.37999725341797,65.62999725341797,66.62000274658203,62.148990631103516,11300000
2019-08-01,66.93000030517578,67.19999694824219,65.11000061035156,65.80000305175781,61.3840217590332,13106700
2019-08-02,65.5,65.79000091552734,65.02999877929688,65.3499984741211,60.96421432495117,9653900
2019-08-05,64.9800033569336,66.12000274658203,64.54000091552734,65.2300033569336,60.85227584838867,11618800
2019-08-06,65.2699966430664,65.83999633789062,64.29000091552734,64.7699966430664,60.42314147949219,10248700
2019-08-07,64.37999725341797,64.9000015258789,63.310001373291016,64.45999908447266,60.13394546508789,10532100
2019-08-08,64.79000091552734,65.44999694824219,64.33000183105469,65.44999694824219,61.0575065612793,7427400
2019-08-09,65.37000274658203,66.87000274658203,64.29000091552734,65.58000183105469,61.17878723144531,10893500
2019-08-12,65.23999786376953,65.4800033569336,64.08000183105469,64.52999877929688,60.199249267578125,5724400
2019-08-13,64.86000061035156,65.93000030517578,64.63999938964844,65.01000213623047,60.64704132080078,7082500
2019-08-14,64.5,64.98999786376953,63.5,63.5,59.238380432128906,9373300
2019-08-15,64.12000274658203,64.23999786376953,62.65999984741211,62.97999954223633,58.75327682495117,9195700
2019-08-16,63.5099983215332,64.80999755859375,63.06999969482422,64.43000030517578,60.105960845947266,8348100
2019-08-19,65.04000091552734,66.87999725341797,64.97000122070312,66.55999755859375,62.0930061340332,9826300
2019-08-20,67.37999725341797,68.45999908447266,66.33000183105469,66.41000366210938,61.95309066772461,12043400
2019-08-21,67.33999633789062,67.91999816894531,66.5999984741211,67.54000091552734,63.00724792480469,7615700
2019-08-22,67.87000274658203,68.02999877929688,66.80999755859375,67.5199966430664,62.98858642578125,6495700
2019-08-23,67.27999877929688,67.79000091552734,65.4800033569336,65.97000122070312,61.542606353759766,8904700
2019-08-26,66.43000030517578,66.93000030517578,66.08000183105469,66.45999908447266,61.99972152709961,4841100
2019-08-27,66.66999816894531,66.9800033569336,65.48999786376953,65.66999816894531,61.26274490356445,7591200
2019-08-28,65.56999969482422,66.37999725341797,65.4000015258789,66.06999969482422,61.63589859008789,6872800
2019-08-29,66.7300033569336,67.02999877929688,65.95999908447266,66.22000122070312,61.77583694458008,6011900
2019-08-30,66.4000015258789,66.43000030517578,65.48999786376953,65.73999786376953,61.32804870605469,6415100
2019-09-03,65.77999877929688,65.80000305175781,64.93000030517578,65.4000015258789,61.0108642578125,7915700
2019-09-04,65.66999816894531,66.41999816894531,64.44000244140625,66.37999725341797,61.925086975097656,9618300
2019-09-05,66.63999938964844,67.30000305175781,66.43000030517578,67.02999877929688,62.53147506713867,5602400
2019-09-06,67.26000213623047,68.12000274658203,67.0,67.62000274658203,63.081871032714844,7502500
2019-09-09,67.95999908447266,68.0,66.30999755859375,66.69999694824219,62.22361373901367,10310900
2019-09-10,66.06999969482422,68.18000030517578,65.6500015258789,68.18000030517578,63.60429000854492,12155700
2019-09-11,68.37999725341797,69.73999786376953,68.05999755859375,69.48999786376953,64.82637786865234,8369100
2019-09-12,70.76000213623047,71.16999816894531,70.19000244140625,70.83000183105469,66.07644653320312,9560100
2019-09-13,71.1500015258789,71.51000213623047,70.4800033569336,70.51000213623047,65.77792358398438,8135600
2019-09-16,70.37000274658203,70.95999908447266,69.72000122070312,70.58000183105469,65.84322357177734,5992000
2019-09-17,70.51000213623047,72.08999633789062,70.36000061035156,71.5999984741211,66.79476165771484,9013500
2019-09-18,71.68000030517578,71.81999969482422,70.80999755859375,71.2699966430664,66.48690795898438,6252600
2019-09-19,71.4000015258789,71.91000366210938,71.20999908447266,71.66999816894531,66.86006927490234,5541200
2019-09-20,72.0,73.0,72.0,72.38999938964844,67.53174591064453,12968700
2019-09-23,72.33000183105469,73.77999877929688,72.05000305175781,72.93000030517578,68.03550720214844,8092300
2019-09-24,73.83000183105469,73.83000183105469,72.16999816894531,72.94999694824219,68.05416870117188,8223800
2019-09-25,72.87999725341797,73.23999786376953,72.0199966430664,72.08999633789062,67.25187683105469,5922700
2019-09-26,72.94999694824219,74.45999908447266,72.62000274658203,74.02999877929688,69.06168365478516,10324100
2019-09-27,74.20999908447266,75.13999938964844,73.91999816894531,74.8499984741211,69.82665252685547,7677300
2019-09-30,74.94999694824219,76.44000244140625,74.94999694824219,75.72000122070312,70.63827514648438,8315100
2019-10-01,75.88999938964844,76.02999877929688,72.94000244140625,73.2300033569336,68.31537628173828,10910800
2019-10-02,72.88999938964844,73.0,71.56999969482422,72.12999725341797,67.28919219970703,8380500
2019-10-03,72.05999755859375,73.94000244140625,72.04000091552734,73.8499984741211,68.89376068115234,6228500
2019-10-04,74.22000122070312,75.05999755859375,73.94999694824219,74.66000366210938,69.6494140625,7007500
2019-10-07,74.72000122070312,75.2699966430664,74.08000183105469,74.33000183105469,69.341552734375,5163500
2019-10-08,73.87999725341797,74.75,73.41999816894531,73.52999877929688,68.5952377319336,6121500
2019-10-09,74.06999969482422,74.62000274658203,73.25,73.30000305175781,68.38067626953125,5851000
2019-10-10,73.22000122070312,74.62999725341797,73.19999694824219,74.44999694824219,69.4534912109375,7329400
2019-10-11,73.97000122070312,74.33999633789062,73.56999969482422,73.62999725341797,69.69012451171875,7164900
2019-10-14,73.6500015258789,74.16999816894531,73.38999938964844,73.76000213623047,70.84266662597656,5040900
2019-10-15,74.19999694824219,74.9800033569336,73.80000305175781,74.5,71.55339050292969,6028300
2019-10-16,74.37999725341797,74.9800033569336,74.33999633789062,74.75,71.79350280761719,8288300
2019-10-17,74.98999786376953,76.18000030517578,74.6500015258789,75.13999938964844,72.16807556152344,6811300
2019-10-18,75.23999786376953,77.16999816894531,75.20999908447266,76.45999908447266,73.43586730957031,9480200
2019-10-21,76.87999725341797,77.8499984741211,75.8499984741211,77.30000305175781,74.2426528930664,7839100
2019-10-22,78.05000305175781,78.66000366210938,77.75,77.87000274658203,74.79010772705078,6062000
2019-10-23,77.79000091552734,78.0199966430664,77.19000244140625,77.75,74.67485046386719,6136700
2019-10-24,77.83999633789062,77.88999938964844,76.25,76.80000305175781,73.76242065429688,5699300
2019-10-25,76.38999938964844,76.79000091552734,76.22000122070312,76.52999877929688,73.50310516357422,5497000
2019-10-28,76.66999816894531,78.37999725341797,76.48999786376953,78.33000183105469,75.2319107055664,7146400
2019-10-29,78.11000061035156,78.73999786376953,77.58999633789062,78.47000122070312,75.36637878417969,6391100
2019-10-30,78.51000213623047,79.79000091552734,78.01000213623047,79.66000366210938,76.50930786132812,7222500
2019-10-31,79.70999908447266,79.73999786376953,78.73999786376953,79.55000305175781,76.4036636352539,10009400
2019-11-01,80.02999877929688,82.18000030517578,79.12999725341797,81.75,78.51663970947266,13356300
2019-11-04,82.94999694824219,83.31999969482422,82.13999938964844,82.98999786376953,79.70759582519531,9127900
2019-11-05,83.16999816894531,83.4000015258789,81.47000122070312,81.83999633789062,78.60307312011719,7475600
2019-11-06,81.7699966430664,82.25,80.3499984741211,82.08000183105469,78.83358764648438,9303600
2019-11-07,82.20999908447266,82.58999633789062,81.08000183105469,82.01000213623047,78.766357421875,6561500
2019-11-08,82.0999984741211,85.45999908447266,82.08999633789062,85.20999908447266,81.83979034423828,11364100
2019-11-11,84.94999694824219,85.68000030517578,83.9000015258789,85.66000366210938,82.27200317382812,8726300
2019-11-12,85.5999984741211,88.27999877929688,85.55000305175781,86.44000244140625,83.02114868164062,12165900
2019-11-13,85.73999786376953,87.2699966430664,85.33000183105469,86.66000366210938,83.2324447631836,5798800
2019-11-14,86.4800033569336,87.75,85.93000030517578,87.62999725341797,84.16407775878906,5425600
2019-11-15,88.0999984741211,89.19000244140625,87.26000213623047,88.62999725341797,85.12452697753906,8036700
2019-11-18,88.33999633789062,89.41000366210938,88.31999969482422,88.7300033569336,85.2205810546875,5772300
2019-11-19,89.26000213623047,90.41000366210938,88.91000366210938,89.0199966430664,85.49909210205078,7504800
2019-11-20,88.72000122070312,88.72000122070312,86.54000091552734,87.19999694824219,83.7510757446289,10933000
2019-11-21,86.79000091552734,86.87000274658203,85.55000305175781,86.5199966430664,83.09796905517578,9614100
2019-11-22,86.63999938964844,86.79000091552734,85.30999755859375,86.05000305175781,82.64656829833984,7784700
2019-11-25,86.8499984741211,87.87999725341797,86.05999755859375,87.76000213623047,84.2889404296875,9522100
2019-11-26,88.1500015258789,88.19000244140625,86.93000030517578,87.72000122070312,84.25051879882812,6431400
2019-11-27,87.86000061035156,88.80999755859375,87.61000061035156,88.33000183105469,84.83639526367188,4711800
2019-11-29,88.0,88.08999633789062,87.22000122070312,87.7300033569336,84.26012420654297,3042800
2019-12-02,87.83999633789062,88.02999877929688,87.0,87.02999877929688,83.58780670166016,6526400
2019-12-03,85.95999908447266,86.4800033569336,85.58999633789062,85.94999694824219,82.55052185058594,10054500
2019-12-04,86.18000030517578,87.55000305175781,86.12000274658203,87.19999694824219,83.7510757446289,6174600
2019-12-05,87.25,87.25,86.26000213623047,86.72000122070312,83.29006958007812,6072100
2019-12-06,87.20999908447266,87.70999908447266,86.77999877929688,86.9800033569336,83.53978729248047,6044600
2019-12-09,87.22000122070312,87.72000122070312,86.37999725341797,86.44000244140625,83.02114868164062,5582700
2019-12-10,86.91999816894531,86.94999694824219,86.20999908447266,86.55999755859375,83.13639068603516,7816000
2019-12-11,86.69999694824219,87.26000213623047,86.2300033569336,86.69999694824219,83.27085876464844,7326400
2019-12-12,86.76000213623047,88.94000244140625,86.75,88.7300033569336,85.2205810546875,6260500
2019-12-13,88.77999877929688,89.08999633789062,87.33000183105469,87.83999633789062,84.36576843261719,5975200
2019-12-16,88.37999725341797,90.12000274658203,88.26000213623047,89.43000030517578,85.89288330078125,6723300
2019-12-17,90.0,90.16999816894531,89.06999969482422,90.08000183105469,86.51717376708984,8750000
2019-12-18,90.05000305175781,90.18000030517578,89.0199966430664,89.33000183105469,85.79684448242188,6490100
2019-12-19,89.68000030517578,89.68000030517578,88.55999755859375,88.7699966430664,85.25898742675781,5447000
2019-12-20,90.4000015258789,91.98999786376953,89.1500015258789,89.29000091552734,85.75841522216797,19134800
2019-12-23,89.52999877929688,90.47000122070312,89.33000183105469,90.25,86.68045043945312,5907200
2019-12-24,90.4000015258789,90.4000015258789,89.43000030517578,89.8499984741211,86.29627227783203,1798800
2019-12-26,90.19999694824219,90.72000122070312,89.44999694824219,89.83000183105469,86.27706909179688,4066700
2019-12-27,89.9800033569336,90.27999877929688,88.83000183105469,89.19999694824219,85.67198181152344,4087800
2019-12-30,89.22000122070312,89.7300033569336,88.16000366210938,88.5199966430664,85.01887512207031,7014800
2019-12-31,88.20999908447266,88.5999984741211,87.87999725341797,88.54000091552734,85.03809356689453,4702100
2020-01-02,89.08000183105469,89.56999969482422,88.51000213623047,89.55000305175781,86.00814056396484,5639200
2020-01-03,88.16999816894531,89.38999938964844,87.9000015258789,88.69999694824219,85.19175720214844,5988500
2020-01-06,88.22000122070312,89.62000274658203,87.9800033569336,89.4000015258789,85.86406707763672,6786600
2020-01-07,88.93000030517578,89.54000091552734,88.26000213623047,88.88999938964844,85.3742446899414,7242500
2020-01-08,89.1500015258789,90.05999755859375,88.87000274658203,89.5199966430664,85.97932434082031,7696800
2020-01-09,90.01000213623047,90.2300033569336,89.05000305175781,90.20999908447266,86.64203643798828,7518000
2020-01-10,90.2300033569336,90.29000091552734,88.83000183105469,89.05999755859375,85.53751373291016,8581400
2020-01-13,89.5,89.5,87.91999816894531,88.5199966430664,85.01887512207031,9292200
2020-01-14,87.0999984741211,88.44000244140625,86.7699966430664,88.19999694824219,85.85601806640625,8876900
2020-01-15,88.18000030517578,89.87999725341797,88.18000030517578,89.26000213623047,86.88785552978516,8490100
2020-01-16,89.30999755859375,89.80000305175781,88.91999816894531,89.26000213623047,86.88785552978516,7073200
2020-01-17,89.12999725341797,89.2699966430664,87.79000091552734,88.0,85.66133880615234,10122300
2020-01-21,87.68000030517578,88.52999877929688,87.56999969482422,87.98999786376953,85.65160369873047,13552000
2020-01-22,88.02999877929688,88.16999816894531,87.1500015258789,87.20999908447266,84.892333984375,6438100
2020-01-23,87.05000305175781,87.06999969482422,84.98999786376953,85.2699966430664,83.00389099121094,12266800
2020-01-24,85.43000030517578,85.4800033569336,82.76000213623047,83.54000091552734,81.31986999511719,13215400
2020-01-27,85.05000305175781,85.93000030517578,84.0,84.0199966430664,81.78710174560547,13832000
2020-01-28,84.98999786376953,84.98999786376953,83.63999938964844,83.7699966430664,81.54375457763672,8614400
2020-01-29,83.80000305175781,84.0,83.12999725341797,83.19999694824219,80.98889923095703,5703200
2020-01-30,82.58000183105469,82.79000091552734,81.18000030517578,81.77999877929688,79.60664367675781,10870000
2020-01-31,81.54000091552734,81.72000122070312,80.41000366210938,81.0199966430664,78.86683654785156,13870100
2020-02-03,81.30999755859375,82.5999984741211,80.91999816894531,82.30000305175781,80.11282348632812,10146400
2020-02-04,83.58999633789062,84.70999908447266,83.58999633789062,84.36000061035156,82.11807250976562,8251500
2020-02-05,85.05999755859375,87.13999938964844,84.87999725341797,86.62999725341797,84.32774353027344,10020600
2020-02-06,87.88999938964844,87.95999908447266,86.22000122070312,87.18000030517578,84.86312866210938,7769700
2020-02-07,89.73999786376953,92.9800033569336,88.87999725341797,92.29000091552734,89.83733367919922,19090300
2020-02-10,92.36000061035156,95.5,92.11000061035156,94.75,92.23194885253906,13998300
2020-02-11,95.26000213623047,97.08000183105469,95.01000213623047,96.0,93.44873809814453,10682800
2020-02-12,95.9800033569336,97.86000061035156,95.70999908447266,97.79000091552734,95.191162109375,10591000
2020-02-13,96.8499984741211,97.36000061035156,95.2300033569336,95.3499984741211,92.81600952148438,10613000
2020-02-14,95.2300033569336,95.30000305175781,93.7699966430664,94.05000305175781,91.5505599975586,11175800
2020-02-18,93.66999816894531,94.5,93.26000213623047,93.61000061035156,91.12224578857422,9406300
2020-02-19,93.7699966430664,94.79000091552734,93.0199966430664,94.13999938964844,91.6381607055664,6349100
2020-02-20,93.93000030517578,94.38999938964844,92.58999633789062,94.2300033569336,91.72577667236328,5446200
2020-02-21,93.95999908447266,95.5199966430664,93.37999725341797,94.95999908447266,92.43637084960938,6676000
2020-02-24,92.16999816894531,93.87000274658203,92.1500015258789,93.13999938964844,90.66473388671875,10705100
2020-02-25,93.31999969482422,93.45999908447266,88.11000061035156,89.18000030517578,86.80998229980469,11366400
2020-02-26,88.62000274658203,91.18000030517578,88.19000244140625,88.41000366210938,86.0604476928711,9786900
2020-02-27,86.19000244140625,89.44999694824219,84.19999694824219,85.41999816894531,83.14990234375,14179400
2020-02-28,82.79000091552734,85.70999908447266,81.58000183105469,85.70999908447266,83.43219757080078,18460300
2020-03-02,86.0,88.77999877929688,83.55000305175781,88.69000244140625,86.33300018310547,12171100
2020-03-03,89.44000244140625,90.9000015258789,85.66000366210938,87.56999969482422,85.24276733398438,12660900
2020-03-04,89.2699966430664,91.86000061035156,88.94999694824219,91.75,89.31168365478516,16590400
2020-03-05,90.05999755859375,91.70999908447266,89.43000030517578,90.61000061035156,88.20197296142578,9688400
2020-03-06,88.7300033569336,89.76000213623047,87.26000213623047,88.81999969482422,86.45954895019531,12664600
2020-03-09,84.0,87.33999633789062,82.43000030517578,85.2699966430664,83.00389099121094,15806200
2020-03-10,88.19000244140625,88.22000122070312,83.76000213623047,87.52999877929688,85.20382690429688,12965800
2020-03-11,85.80000305175781,86.63999938964844,83.56999969482422,84.8499984741211,82.59505462646484,10382200
2020-03-12,78.8499984741211,81.29000091552734,77.05999755859375,78.61000061035156,76.52088165283203,19935700
2020-03-13,83.36000061035156,86.31999969482422,80.69000244140625,85.37000274658203,83.10123443603516,21867700
2020-03-16,79.0,82.18000030517578,73.58000183105469,74.2699966430664,72.29621887207031,20916000
2020-03-17,75.70999908447266,77.70999908447266,69.98999786376953,73.0199966430664,71.07943725585938,23205000
2020-03-18,70.0,71.38999938964844,64.69000244140625,71.02999877929688,69.14232635498047,23712800
2020-03-19,69.0999984741211,74.8499984741211,65.33000183105469,71.05999755859375,69.17152404785156,19739900
2020-03-20,73.0,73.0,66.80999755859375,68.81999969482422,66.99105834960938,18844500
2020-03-23,67.37999725341797,67.75,62.54999923706055,64.5,62.78586959838867,19219000
2020-03-24,68.16000366210938,71.81999969482422,67.08999633789062,67.48999786376953,65.69640350341797,18376300
2020-03-25,67.91999816894531,70.68000030517578,65.55000305175781,67.91000366210938,66.1052474975586,20017300
2020-03-26,68.81999969482422,74.30999755859375,68.76000213623047,73.83000183105469,71.867919921875,15979400
2020-03-27,71.62999725341797,75.05999755859375,70.70999908447266,72.66999816894531,70.73873901367188,12293300
2020-03-30,73.5199966430664,76.23999786376953,73.47000122070312,75.23999786376953,73.24044036865234,10671600
2020-03-31,75.4000015258789,77.91999816894531,74.44000244140625,76.19000244140625,74.16520690917969,20474400
2020-04-01,72.12000274658203,73.98999786376953,71.43000030517578,73.41999816894531,71.46881103515625,12948000
2020-04-02,72.77999877929688,75.5,71.45999908447266,75.12999725341797,73.13336181640625,8077800
2020-04-03,74.6500015258789,75.44000244140625,72.55000305175781,73.37000274658203,71.4201431274414,8062700
2020-04-06,75.73999786376953,77.26000213623047,74.02999877929688,75.7300033569336,73.7174301147461,10266500
2020-04-07,78.37999725341797,78.58000183105469,75.25,75.38999938964844,73.3864517211914,11591700
2020-04-08,76.44000244140625,78.9800033569336,74.77999877929688,78.55999755859375,76.47221374511719,12218500
2020-04-09,78.55999755859375,80.08000183105469,78.55999755859375,79.75,77.6305923461914,9425900
2020-04-13,80.66000366210938,81.33000183105469,78.66000366210938,80.30000305175781,78.16596984863281,9293500
2020-04-14,80.62000274658203,82.8499984741211,80.29000091552734,82.12999725341797,81.1396713256836,11072700
2020-04-15,80.51000213623047,83.04000091552734,79.62000274658203,81.81999969482422,80.83341217041016,8977300
2020-04-16,82.7300033569336,83.72000122070312,81.58000183105469,81.86000061035156,80.87293243408203,10326900
2020-04-17,84.0,84.79000091552734,82.5,83.44999694824219,82.44375610351562,10734800
2020-04-20,83.54000091552734,85.33000183105469,82.62999725341797,83.98999786376953,82.97724151611328,9126300
2020-04-21,82.51000213623047,82.97000122070312,80.0199966430664,80.36000061035156,79.39102172851562,9627500
2020-04-22,81.2300033569336,82.44999694824219,80.7300033569336,81.47000122070312,80.48763275146484,7033300
2020-04-23,82.18000030517578,83.83000183105469,81.95999908447266,82.04000091552734,81.0507583618164,7869600
2020-04-24,82.87000274658203,83.66999816894531,82.3499984741211,83.58999633789062,82.58206939697266,6770700
2020-04-27,84.02999877929688,84.91999816894531,83.77999877929688,84.69000244140625,83.66880798339844,9209700
2020-04-28,85.69999694824219,85.97000122070312,82.37000274658203,82.76000213623047,81.76207733154297,8341000
2020-04-29,83.72000122070312,84.75,82.13999938964844,83.76000213623047,82.7500228881836,8231700
2020-04-30,82.97000122070312,83.26000213623047,81.2300033569336,82.19999694824219,81.20882415771484,15525300
2020-05-01,81.94999694824219,84.2300033569336,80.5,82.83999633789062,81.84111022949219,12705300
2020-05-04,82.22000122070312,82.83999633789062,81.12000274658203,81.86000061035156,80.87293243408203,6833000
2020-05-05,82.94999694824219,86.4800033569336,82.5999984741211,85.37000274658203,84.34060668945312,10927000
2020-05-06,86.27999877929688,88.1500015258789,85.25,85.41999816894531,84.38999938964844,17042600
2020-05-07,86.5199966430664,86.83999633789062,83.55999755859375,84.22000122070312,83.20447540283203,11941800
2020-05-08,84.41999816894531,84.66000366210938,82.44999694824219,83.95999908447266,82.9476089477539,20190200
2020-05-11,85.08000183105469,88.45999908447266,83.9800033569336,87.9000015258789,86.84010314941406,19219800
2020-05-12,90.0,92.2300033569336,88.47000122070312,90.45999908447266,89.36923217773438,23492300
2020-05-13,90.73999786376953,92.23999786376953,87.7300033569336,88.87000274658203,87.79840850830078,23562600
2020-05-14,87.62000274658203,90.4800033569336,87.43000030517578,89.94000244140625,88.85550689697266,13379500
2020-05-15,90.01000213623047,91.1500015258789,89.41999816894531,90.70999908447266,89.61621856689453,14071200
2020-05-18,92.0,93.66000366210938,91.30999755859375,91.47000122070312,90.36705780029297,16302900
2020-05-19,91.26000213623047,91.6500015258789,89.55999755859375,91.19999694824219,90.10030364990234,9892500
2020-05-20,92.12999725341797,92.54000091552734,89.9000015258789,91.19000244140625,90.0904312133789,10661500
2020-05-21,91.27999877929688,93.12999725341797,90.3499984741211,93.0199966430664,91.89836120605469,10393200
2020-05-22,92.87000274658203,93.01000213623047,91.7300033569336,92.0999984741211,90.98945617675781,5507000
2020-05-26,93.44999694824219,93.56999969482422,90.30999755859375,90.70999908447266,89.61621856689453,11869800
2020-05-27,90.54000091552734,91.0,88.55999755859375,89.9800033569336,88.89501953125,12529500
2020-05-28,90.87000274658203,91.19000244140625,90.0,90.02999877929688,88.94441223144531,8765900
2020-05-29,91.0,92.88999938964844,89.5999984741211,92.66999816894531,91.55258178710938,13781600
2020-06-01,92.05000305175781,93.05999755859375,90.69000244140625,90.69999694824219,89.60633087158203,8486500
2020-06-02,90.97000122070312,91.69999694824219,90.05000305175781,91.04000091552734,89.9422378540039,9413300
2020-06-03,91.47000122070312,91.5,89.5999984741211,90.88999938964844,89.7940444946289,8588400
2020-06-04,90.27999877929688,93.4800033569336,90.25,93.04000091552734,91.91812133789062,9525700
2020-06-05,93.5,95.54000091552734,92.80999755859375,93.8499984741211,92.71835327148438,9630100
2020-06-08,92.91000366210938,95.01000213623047,92.80999755859375,94.58999633789062,93.44942474365234,6621400
2020-06-09,94.94999694824219,96.66000366210938,94.76000213623047,96.16999816894531,95.0103759765625,9555900
2020-06-10,96.98999786376953,99.3499984741211,96.80000305175781,96.9000015258789,95.73158264160156,11138300
2020-06-11,95.69000244140625,96.88999938964844,92.02999877929688,92.26000213623047,91.14752960205078,12584800
2020-06-12,93.73999786376953,94.73999786376953,91.02999877929688,92.45999908447266,91.3451156616211,8009100
2020-06-15,91.2699966430664,94.02999877929688,90.77999877929688,93.08000183105469,91.9576416015625,7120200
2020-06-16,94.86000061035156,96.19999694824219,93.4800033569336,96.05999755859375,94.90170288085938,9366100
2020-06-17,96.8499984741211,97.0999984741211,95.2699966430664,95.73999786376953,94.58556365966797,6210900
2020-06-18,95.55999755859375,96.44999694824219,95.26000213623047,96.2300033569336,95.06965637207031,4571600
2020-06-19,97.72000122070312,98.19999694824219,95.75,96.70999908447266,95.54386901855469,9210900
2020-06-22,96.63999938964844,97.30000305175781,95.81999969482422,97.2699966430664,96.09711456298828,6004300
2020-06-23,98.41999816894531,99.0999984741211,97.05000305175781,97.30999755859375,96.13663482666016,6715600
2020-06-24,96.45999908447266,97.16000366210938,94.3499984741211,95.13999938964844,93.9927978515625,9025100
2020-06-25,95.18000030517578,97.06999969482422,94.31999969482422,96.98999786376953,95.82048797607422,6411700
2020-06-26,96.88999938964844,97.02999877929688,95.04000091552734,96.12999725341797,94.97086334228516,14568400
2020-06-29,96.5,97.33000183105469,95.68000030517578,96.44000244140625,95.27713012695312,6676400
2020-06-30,95.97000122070312,98.87999725341797,95.83000183105469,98.18000030517578,96.99614715576172,8112500
2020-07-01,98.5,99.66000366210938,97.5,99.13999938964844,97.94456481933594,6522900
2020-07-02,99.44999694824219,99.98999786376953,97.86000061035156,98.87999725341797,97.68769836425781,6158800
2020-07-06,99.63999938964844,99.80000305175781,97.94999694824219,99.01000213623047,97.8161392211914,7039000
2020-07-07,98.68000030517578,100.69000244140625,98.55999755859375,99.3499984741211,98.15203094482422,6345600
2020-07-08,99.75,100.56999969482422,98.55000305175781,99.27999877929688,98.08287811279297,6154400
2020-07-09,99.08000183105469,99.77999877929688,96.80999755859375,97.94000244140625,96.75904083251953,5817300
2020-07-10,98.05999755859375,98.33000183105469,96.36000061035156,96.83000183105469,95.66242218017578,6202500
2020-07-13,97.36000061035156,99.55999755859375,96.91999816894531,97.86000061035156,96.68000030517578,8507400
2020-07-14,96.97000122070312,99.0999984741211,95.94000244140625,98.87000274658203,98.87000274658203,6765600
2020-07-15,100.0,100.4800033569336,98.81999969482422,100.4800033569336,100.4800033569336,5661600
2020-07-16,99.69000244140625,100.2300033569336,98.80999755859375,99.91999816894531,99.91999816894531,4269200
2020-07-17,100.29000091552734,101.27999877929688,99.91999816894531,100.83000183105469,100.83000183105469,6890900
2020-07-20,100.76000213623047,101.25,99.26000213623047,99.54000091552734,99.54000091552734,4823300
